shot_id,shot_made_flag
1,0.4014275
8,0.3974433
17,0.6367493
20,0.7540032
33,0.37120813
34,0.48330745
35,0.5355918
36,0.51353776
37,0.6810054
38,0.39419803
45,0.42236975
50,0.33390418
55,0.27571762
60,0.32488012
66,0.23973171
67,0.35212114
71,0.454787
80,0.23345517
85,0.2811052
86,0.5911515
95,0.60185444
104,0.34919998
113,0.34633934
123,0.26704636
126,0.8584154
133,0.5671385
141,0.2016555
144,0.4693363
150,0.70372325
152,0.413035
153,0.69757414
156,0.36202756
159,0.87041277
165,0.6178432
172,0.50846463
182,0.900949
192,0.47093374
193,0.68175167
196,0.4471577
202,0.37524602
210,0.3663028
211,0.40703237
228,0.96250165
257,0.41264585
260,0.40661114
264,0.34877053
267,0.6735481
279,0.9064996
282,0.4068973
293,0.3486719
299,0.8390209
300,0.64735156
301,0.82940197
317,0.3400713
327,0.36518368
328,0.3112074
335,0.33381936
346,0.8133679
348,0.2476928
365,0.3667976
390,0.70606315
391,0.7105414
392,0.8129295
397,0.35075724
418,0.4056204
428,0.14135402
434,0.6453037
439,0.48184803
440,0.4238997
456,0.3456928
459,0.281749
472,0.46558383
480,0.2506955
491,0.36568123
497,0.37885517
509,0.38624758
511,0.3085669
523,0.16850978
533,0.44175985
544,0.45882002
546,0.34231168
555,0.7212139
558,0.39807072
560,0.34823963
573,0.32012582
591,0.4103692
596,0.26384696
597,0.36169246
601,0.6185488
605,0.44391587
617,0.32030633
628,0.24889942
634,0.3861475
646,0.32290775
649,0.371735
651,0.74644214
654,0.8212028
656,0.43597504
657,0.39860862
669,0.37221587
670,0.9167899
693,0.7195965
694,0.28227222
699,0.43933123
711,0.4225844
718,0.3908112
722,0.34076697
723,0.32710302
725,0.7206064
734,0.37577477
735,0.410419
737,0.83285075
746,0.32525015
747,0.70875484
766,0.4145513
767,0.35106546
771,0.28262174
773,0.19852553
774,0.35070556
783,0.23929244
784,0.37204054
789,0.26005954
792,0.3787851
804,0.28068754
809,0.40524712
812,0.31056058
813,0.36258504
817,0.2728801
820,0.32921752
825,0.3734545
826,0.33847356
829,0.39454383
855,0.4272194
859,0.72397685
862,0.4072241
870,0.44200465
876,0.33190653
880,0.36077687
886,0.97882336
889,0.88684964
891,0.4022373
897,0.9777673
902,0.39509615
903,0.35267168
908,0.4046342
909,0.34741667
920,0.33798772
922,0.39982063
924,0.6255777
932,0.3200963
934,0.33485863
937,0.41782317
941,0.37536466
943,0.4440563
950,0.3673915
952,0.3403518
954,0.9273131
963,0.3237499
975,0.38910246
979,0.38206384
981,0.4391866
983,0.13437451
985,0.46339855
989,0.36314288
995,0.45941618
998,0.4464695
1008,0.24317616
1019,0.707978
1023,0.38096422
1026,0.35573426
1029,0.7157767
1034,0.89761835
1036,0.72297287
1038,0.3138415
1039,0.70306677
1051,0.3577281
1052,0.27349252
1066,0.3002321
1087,0.36824015
1092,0.23517758
1094,0.74108154
1098,0.4280869
1099,0.3630232
1102,0.3521724
1118,0.3864507
1131,0.2596327
1133,0.74202937
1135,0.9046389
1138,0.63572705
1139,0.8418768
1142,0.40749282
1151,0.43180382
1152,0.36155778
1155,0.6551252
1165,0.37135372
1167,0.9620291
1172,0.34670845
1174,0.72309256
1180,0.48127866
1200,0.47127387
1202,0.42438415
1227,0.5904499
1228,0.686338
1229,0.35483736
1237,0.39245984
1241,0.38931638
1256,0.3354466
1279,0.36821598
1293,0.24258445
1295,0.28022975
1319,0.76559323
1320,0.3982127
1321,0.7797691
1322,0.71956503
1334,0.2832087
1351,0.76468205
1373,0.31681633
1375,0.27276602
1380,0.450489
1382,0.6915084
1385,0.41882148
1399,0.37264797
1403,0.90387994
1428,0.26851225
1434,0.32348788
1444,0.92918366
1448,0.43304208
1466,0.87289125
1476,0.43101045
1478,0.43153486
1485,0.3802417
1491,0.7365023
1494,0.70331
1500,0.37615642
1501,0.7052173
1503,0.4240909
1519,0.62340975
1524,0.2985535
1529,0.77231663
1533,0.69117093
1538,0.9711728
1539,0.36664498
1546,0.4240057
1555,0.3065641
1559,0.3862835
1563,0.73424625
1565,0.79047936
1574,0.3740177
1591,0.299378
1594,0.2618313
1605,0.24282789
1611,0.396544
1614,0.3401004
1620,0.35565507
1626,0.30737582
1630,0.37060544
1632,0.3672202
1634,0.3098282
1643,0.25815472
1651,0.41557246
1655,0.36337116
1658,0.2672217
1659,0.33707437
1665,0.36493427
1675,0.31317794
1680,0.639083
1690,0.36838636
1696,0.31765935
1714,0.25809216
1721,0.41235238
1726,0.40500522
1728,0.42336628
1734,0.38271073
1735,0.3459041
1740,0.41361693
1744,0.8299385
1747,0.32349876
1752,0.20991854
1763,0.7523941
1765,0.73876786
1769,0.38560477
1785,0.6345272
1787,0.34272504
1788,0.39911202
1793,0.29454762
1800,0.3898178
1825,0.4196483
1826,0.7462656
1834,0.35063347
1843,0.32151207
1844,0.32151207
1848,0.36965638
1849,0.32710773
1860,0.34491327
1863,0.35145116
1875,0.66220003
1883,0.39143628
1890,0.46332225
1892,0.38200113
1893,0.35897183
1897,0.34355935
1905,0.46834293
1908,0.5009903
1931,0.3758301
1940,0.8129342
1943,0.35425225
1947,0.19214088
1965,0.8118515
1967,0.40736768
1968,0.38871315
1972,0.76345176
1982,0.32242092
1985,0.26981467
2005,0.7250268
2010,0.7594793
2021,0.34242743
2024,0.769647
2036,0.46268028
2043,0.5524454
2047,0.48884726
2049,0.46920624
2055,0.2944091
2065,0.3920673
2066,0.280218
2070,0.2685511
2077,0.837281
2085,0.62408346
2095,0.5461148
2097,0.68835264
2108,0.40059713
2112,0.6063456
2113,0.64295846
2122,0.18971685
2139,0.3668602
2144,0.5740356
2146,0.3031864
2148,0.13482271
2149,0.71913725
2157,0.35794094
2159,0.39207736
2168,0.3419746
2176,0.35310358
2178,0.6414893
2181,0.27003297
2187,0.7606392
2188,0.31611216
2190,0.29103494
2194,0.35495567
2197,0.28481218
2214,0.34765375
2217,0.1293483
2222,0.36919135
2223,0.3415002
2226,0.30754328
2230,0.6921167
2240,0.45171544
2247,0.2920976
2250,0.29758906
2259,0.49252853
2262,0.3572428
2266,0.3553426
2305,0.3335264
2310,0.33938453
2313,0.32101572
2319,0.84301305
2320,0.6876037
2345,0.25741613
2350,0.6744873
2356,0.3427565
2360,0.56563765
2370,0.4108737
2386,0.34855217
2398,0.34180525
2414,0.7116915
2435,0.7798821
2439,0.2582041
2446,0.7769872
2458,0.31898606
2465,0.27833936
2466,0.39980236
2470,0.3025122
2495,0.722045
2501,0.3435853
2507,0.27579537
2533,0.28406966
2537,0.4165076
2538,0.26627883
2541,0.27418077
2542,0.76197535
2544,0.82565236
2554,0.18378842
2555,0.20668927
2565,0.30859548
2575,0.7484521
2586,0.4988117
2588,0.38790226
2594,0.66185385
2617,0.43588755
2618,0.34903345
2623,0.97282434
2631,0.5872179
2640,0.25405076
2642,0.73914105
2647,0.37822068
2663,0.41851577
2664,0.32757625
2676,0.40885863
2680,0.96644586
2681,0.38448748
2691,0.32915765
2693,0.39529204
2695,0.43035418
2704,0.28581384
2708,0.38922173
2709,0.9746464
2717,0.78936803
2722,0.41198397
2728,0.32614332
2732,0.7724619
2743,0.36196485
2752,0.2910529
2757,0.7458839
2761,0.2981916
2769,0.23287928
2771,0.25157887
2774,0.33468658
2776,0.32771137
2781,0.30393374
2793,0.3179358
2799,0.38177606
2803,0.31098512
2811,0.3429784
2818,0.35377297
2824,0.47743067
2828,0.78787225
2829,0.33549115
2830,0.3893395
2842,0.7586708
2847,0.7566818
2848,0.32477978
2868,0.3709619
2870,0.28431258
2885,0.162147
2886,0.37300992
2889,0.6577133
2903,0.38204253
2904,0.72979474
2918,0.85632205
2919,0.31738007
2922,0.36930805
2923,0.33634716
2931,0.31068653
2945,0.3409261
2955,0.33180124
2957,0.58738667
2960,0.69400364
2963,0.24945094
2966,0.73944956
2972,0.6235067
2974,0.31978673
2982,0.25878108
2984,0.66376436
3016,0.40913907
3021,0.3034373
3023,0.78190285
3025,0.40362042
3029,0.2635732
3034,0.7461302
3038,0.3132902
3040,0.33833855
3051,0.7928209
3062,0.34356245
3069,0.3464861
3071,0.26548114
3076,0.9342761
3079,0.32657456
3081,0.28699395
3082,0.39106902
3084,0.85792106
3098,0.34838656
3104,0.43837422
3105,0.4039382
3114,0.7612414
3118,0.34086815
3122,0.29191768
3132,0.19545612
3138,0.3879078
3141,0.3361202
3156,0.7028303
3162,0.74664533
3167,0.3197846
3170,0.38164788
3171,0.29516357
3172,0.33617193
3176,0.98118764
3180,0.33806226
3189,0.21678549
3198,0.34107253
3206,0.34568393
3215,0.27703014
3222,0.67272794
3228,0.30040625
3229,0.2994836
3232,0.17626166
3233,0.24337758
3238,0.32980734
3256,0.33007112
3264,0.61862236
3273,0.45989236
3275,0.6928556
3285,0.5351474
3289,0.21588364
3294,0.3343657
3306,0.3900391
3311,0.7689113
3318,0.33564597
3322,0.56423074
3324,0.32277203
3334,0.5856418
3341,0.4049292
3345,0.18860291
3346,0.92423254
3352,0.338134
3368,0.28930992
3371,0.11751052
3372,0.42594972
3375,0.44173047
3384,0.35209075
3387,0.25952318
3393,0.3805812
3406,0.39908007
3411,0.5905701
3412,0.60231966
3414,0.50115746
3417,0.7348365
3420,0.79501265
3423,0.7848474
3436,0.25403956
3438,0.71609306
3442,0.2636108
3443,0.34175336
3451,0.2826048
3461,0.40532917
3489,0.27052304
3491,0.5022771
3510,0.67122674
3515,0.46257782
3527,0.31823468
3530,0.29178444
3540,0.31990996
3582,0.15349047
3604,0.25181046
3605,0.2576982
3609,0.26839766
3624,0.1655271
3628,0.79585344
3630,0.29045728
3641,0.25631487
3642,0.26368782
3648,0.36139187
3650,0.97324646
3652,0.94248104
3660,0.39471143
3664,0.23983032
3670,0.3210103
3672,0.34917197
3680,0.28962347
3682,0.9618963
3685,0.57880014
3686,0.2934933
3689,0.31334272
3705,0.3196575
3712,0.25852135
3713,0.30468562
3719,0.2211754
3721,0.3093242
3723,0.82417417
3724,0.23662554
3727,0.28469983
3733,0.58728915
3734,0.4303223
3742,0.36583823
3770,0.23260817
3777,0.31378707
3778,0.34505337
3780,0.4033807
3783,0.5070048
3784,0.41194835
3788,0.38064376
3790,0.38064376
3794,0.36660716
3795,0.4289737
3796,0.4572374
3801,0.48784488
3806,0.3640727
3813,0.41183722
3814,0.36975807
3818,0.23010686
3824,0.44618598
3836,0.33412954
3853,0.41486242
3855,0.35718006
3858,0.30833158
3861,0.7866341
3866,0.29040873
3870,0.36242214
3874,0.9694259
3876,0.18748552
3878,0.293112
3890,0.40910453
3900,0.8851166
3904,0.36337188
3906,0.41705626
3907,0.34971023
3908,0.37404123
3912,0.290537
3918,0.93230915
3923,0.95559514
3924,0.39740014
3925,0.2207918
3927,0.63082486
3955,0.96773803
3964,0.31924942
3969,0.27589402
3974,0.7224868
3976,0.26817188
3984,0.28905728
3991,0.38052464
3993,0.9842917
4009,0.32722077
4011,0.43055958
4020,0.32433668
4033,0.3729058
4041,0.43493387
4045,0.86155707
4052,0.33586252
4055,0.3691508
4056,0.43692487
4057,0.3894058
4067,0.9747661
4069,0.40407035
4077,0.2832511
4094,0.42550793
4095,0.38674268
4100,0.39496267
4119,0.38000536
4130,0.5971818
4131,0.41530493
4132,0.5217154
4134,0.52506727
4137,0.759782
4138,0.35782102
4143,0.26088485
4145,0.27260023
4148,0.352818
4163,0.1428769
4166,0.42778155
4169,0.76838726
4170,0.5419867
4174,0.37170398
4180,0.31204918
4199,0.97813326
4201,0.38380072
4203,0.3646037
4210,0.109190226
4211,0.4069886
4213,0.9674433
4225,0.368828
4235,0.28060094
4242,0.33477503
4245,0.344347
4250,0.41306207
4252,0.3574185
4254,0.23175763
4263,0.256069
4264,0.24869165
4268,0.32182354
4270,0.41013044
4282,0.7540872
4283,0.41949457
4291,0.43482694
4304,0.3977884
4306,0.37784025
4309,0.34069195
4310,0.31352258
4313,0.29958633
4314,0.38618496
4315,0.3091088
4321,0.40106636
4324,0.36437118
4325,0.3556147
4328,0.30537477
4329,0.28506452
4332,0.37418362
4337,0.3428797
4342,0.44954333
4344,0.46365774
4352,0.33555263
4355,0.3726455
4366,0.289015
4371,0.3547863
4372,0.40023696
4376,0.37008235
4384,0.32347408
4387,0.34181717
4389,0.41171607
4390,0.34131062
4406,0.31536964
4407,0.8718839
4409,0.98365545
4410,0.77922046
4424,0.37611538
4434,0.33334604
4452,0.22597136
4460,0.37904555
4470,0.62966126
4480,0.3309249
4496,0.96197546
4503,0.24528305
4512,0.39506787
4518,0.6506918
4519,0.3658077
4522,0.30499056
4525,0.33200336
4537,0.6395289
4546,0.23356873
4547,0.94152737
4553,0.41096565
4556,0.38863194
4558,0.8039292
4563,0.11881983
4568,0.2659575
4574,0.8519871
4578,0.19317639
4587,0.40708378
4592,0.51373893
4610,0.3627784
4615,0.33765566
4619,0.45517644
4620,0.5122453
4625,0.66841966
4635,0.32409695
4636,0.3541291
4641,0.3351108
4650,0.3058796
4653,0.83345765
4665,0.29365084
4668,0.9156353
4669,0.345325
4670,0.3201238
4674,0.30950567
4675,0.40101117
4676,0.21855354
4679,0.26262307
4680,0.8362161
4686,0.3416232
4699,0.39870244
4713,0.6326935
4718,0.32929268
4721,0.367649
4722,0.30350786
4724,0.3773248
4730,0.94114417
4731,0.328791
4735,0.36052263
4743,0.34582046
4745,0.27245063
4746,0.59217036
4747,0.33080488
4748,0.33799672
4769,0.44752637
4771,0.35321322
4774,0.25971067
4784,0.35856658
4797,0.41256094
4801,0.67818284
4804,0.19610049
4820,0.31518188
4833,0.3969669
4834,0.38891533
4851,0.3048786
4859,0.32842612
4860,0.9403409
4863,0.418379
4873,0.41902637
4881,0.28845635
4892,0.3317944
4908,0.30566308
4911,0.2830505
4915,0.23377809
4922,0.31623363
4929,0.27811697
4936,0.2915034
4939,0.42950043
4951,0.31104025
4956,0.3252618
4961,0.38438353
4964,0.3640797
4981,0.37917957
4991,0.96166205
4992,0.3617459
4997,0.3768646
5004,0.29040426
5010,0.34372187
5012,0.47769874
5015,0.115537874
5020,0.40958023
5030,0.30034897
5051,0.9831313
5052,0.3510735
5057,0.7422218
5058,0.5693922
5060,0.36718905
5061,0.37908334
5064,0.6273771
5078,0.5136952
5080,0.3641249
5088,0.37241334
5089,0.66889006
5090,0.29073107
5103,0.91638446
5108,0.319944
5114,0.30859843
5115,0.369513
5124,0.6890618
5137,0.34655598
5139,0.3178706
5144,0.2663715
5149,0.8716388
5157,0.25504142
5163,0.26539305
5174,0.30169073
5176,0.4328378
5179,0.31425932
5186,0.5302878
5203,0.7963512
5204,0.78032607
5206,0.2552485
5207,0.66360646
5220,0.33378977
5221,0.77746993
5224,0.304009
5227,0.21181779
5229,0.25378394
5232,0.71869326
5240,0.7357541
5242,0.6158127
5243,0.2839693
5245,0.7403293
5248,0.308358
5249,0.24532121
5254,0.3219411
5269,0.34355143
5272,0.38759214
5276,0.34583542
5286,0.75123185
5290,0.30136046
5308,0.28527066
5316,0.37548223
5318,0.36067724
5319,0.3016371
5320,0.45959222
5322,0.26746023
5324,0.24117997
5331,0.71582353
5336,0.9835437
5344,0.35148245
5354,0.3317206
5356,0.026935028
5358,0.26860008
5361,0.3213378
5365,0.7171564
5370,0.5034743
5376,0.32335693
5383,0.35430682
5384,0.35930133
5385,0.38202998
5393,0.7916215
5397,0.3405404
5398,0.33689937
5402,0.27693406
5407,0.690681
5409,0.2696042
5425,0.27623075
5428,0.68096566
5430,0.3878495
5442,0.30247676
5447,0.37766734
5470,0.33027324
5485,0.34839582
5493,0.28548414
5502,0.5833534
5504,0.31964067
5517,0.23956609
5522,0.38437337
5527,0.7747133
5528,0.27888253
5536,0.5286346
5545,0.37395647
5576,0.35518143
5577,0.283503
5592,0.29883125
5594,0.30344605
5595,0.32127142
5596,0.25209832
5599,0.39648518
5606,0.33303374
5617,0.34713104
5625,0.81862915
5626,0.22259781
5627,0.62481093
5642,0.72934806
5659,0.98099065
5664,0.75949275
5666,0.89758205
5671,0.26247478
5674,0.34056163
5677,0.541936
5681,0.35836938
5683,0.03496278
5700,0.40973204
5713,0.47683972
5715,0.47683972
5718,0.32685882
5726,0.57508624
5738,0.30399194
5741,0.75600314
5743,0.8352813
5753,0.3549453
5761,0.28217462
5789,0.68372065
5797,0.28811142
5803,0.34417918
5810,0.45854673
5813,0.34994242
5817,0.2508963
5818,0.3596102
5822,0.27870917
5829,0.2973809
5846,0.39314857
5847,0.2653213
5854,0.32496446
5858,0.4097824
5863,0.31498122
5869,0.3067079
5870,0.23101893
5876,0.13384648
5881,0.26020962
5901,0.2611058
5922,0.62111956
5928,0.7809602
5933,0.38015753
5934,0.7498788
5946,0.4079412
5951,0.21554576
5955,0.315244
5956,0.8757941
5965,0.3990088
5972,0.33214158
5981,0.2029563
5997,0.39121088
6005,0.22475505
6009,0.20176722
6010,0.2812546
6015,0.33046326
6039,0.25818047
6047,0.7302653
6051,0.041887082
6056,0.36552203
6061,0.3638303
6064,0.25730303
6065,0.40360373
6070,0.34096378
6085,0.7682719
6086,0.22012292
6091,0.77848226
6097,0.23562627
6099,0.34615722
6104,0.7465219
6108,0.36612245
6109,0.38559166
6124,0.48190948
6142,0.7369837
6144,0.3216017
6150,0.325338
6154,0.33930814
6155,0.34316027
6156,0.985171
6158,0.37966904
6159,0.9731179
6169,0.73798466
6170,0.030496914
6179,0.39636916
6184,0.5260749
6186,0.8102236
6204,0.10768043
6230,0.4455564
6231,0.34620002
6232,0.8870384
6235,0.48024574
6237,0.72134954
6239,0.3392696
6263,0.28910467
6265,0.27826294
6270,0.34449813
6271,0.21405225
6278,0.31846225
6279,0.6936343
6288,0.29349494
6294,0.32115138
6295,0.28609556
6302,0.74429923
6306,0.33985773
6322,0.81366783
6324,0.38653147
6327,0.2802808
6331,0.39742258
6334,0.3174426
6338,0.62385154
6339,0.6290593
6362,0.32606983
6372,0.3056913
6375,0.8024198
6393,0.23012127
6394,0.42924166
6405,0.9778847
6406,0.3983663
6416,0.6988101
6421,0.36856633
6422,0.2477872
6440,0.97418076
6457,0.77993697
6460,0.65437376
6463,0.35763177
6474,0.7607928
6476,0.37222853
6477,0.36788276
6482,0.7737797
6488,0.29120794
6489,0.29600212
6494,0.29463106
6499,0.6928167
6507,0.27996996
6524,0.28718054
6527,0.3001292
6531,0.28815874
6536,0.34563306
6538,0.070458114
6542,0.7398742
6565,0.2752906
6584,0.39394972
6588,0.37322518
6597,0.3021987
6603,0.73643595
6609,0.73387676
6613,0.7335168
6622,0.35556227
6630,0.3955924
6637,0.29370314
6639,0.7777927
6640,0.29812706
6646,0.3749729
6647,0.43476355
6648,0.9785146
6669,0.2877384
6680,0.28868583
6681,0.28863588
6684,0.15048088
6693,0.37083486
6694,0.33541077
6704,0.2515048
6706,0.30295512
6710,0.41938472
6713,0.34948847
6718,0.24801362
6732,0.40353638
6737,0.3215339
6739,0.27298972
6742,0.33131564
6746,0.624369
6753,0.26481876
6771,0.2728407
6784,0.34787548
6790,0.96263576
6795,0.3066222
6807,0.28962383
6808,0.3452471
6818,0.32730612
6823,0.38509288
6830,0.48789302
6831,0.48789302
6832,0.324634
6836,0.44860426
6846,0.31430587
6850,0.3246674
6854,0.3684499
6868,0.7650692
6876,0.53661335
6877,0.73802346
6881,0.1155102
6882,0.35687742
6884,0.3794611
6886,0.28025737
6901,0.40370372
6910,0.42407608
6913,0.35307547
6914,0.7112643
6918,0.8024025
6930,0.5991273
6941,0.33223352
6944,0.664714
6945,0.35901403
6947,0.38950205
6949,0.7971251
6952,0.35080105
6963,0.6407652
6964,0.677236
6972,0.73399764
6979,0.40257168
6981,0.33969805
6988,0.79384667
6990,0.2936516
6998,0.33703008
7004,0.42460042
7016,0.47764942
7027,0.31371248
7042,0.29742172
7056,0.23350081
7061,0.33122158
7069,0.689842
7071,0.34204343
7088,0.6738363
7099,0.40338185
7108,0.330406
7121,0.87217337
7125,0.77371305
7136,0.57555485
7149,0.67990506
7150,0.59707904
7151,0.35857064
7167,0.36623946
7177,0.7515297
7178,0.1646856
7183,0.7295994
7186,0.43133757
7190,0.23355563
7201,0.3997077
7202,0.3359789
7207,0.35501805
7213,0.3498505
7224,0.7586555
7225,0.30764267
7233,0.28559437
7239,0.24859878
7246,0.2116807
7248,0.27342853
7261,0.35555404
7264,0.35028398
7266,0.32548806
7274,0.33537737
7279,0.31859508
7293,0.3392696
7315,0.25686032
7322,0.29731694
7326,0.9065515
7341,0.43764725
7363,0.3659557
7365,0.67915976
7371,0.3071769
7377,0.4485022
7393,0.7688647
7405,0.30383447
7410,0.23189709
7434,0.6084865
7438,0.35034248
7447,0.72345847
7450,0.73385125
7452,0.33952254
7453,0.20997202
7455,0.31999445
7456,0.3360153
7457,0.8896424
7466,0.39941514
7470,0.7704042
7474,0.37025732
7487,0.53694266
7488,0.33294195
7492,0.6515108
7496,0.39008787
7501,0.44447204
7505,0.4981549
7512,0.26785392
7526,0.5373834
7536,0.6144203
7538,0.6952947
7539,0.45324677
7544,0.73595846
7554,0.4948229
7564,0.37623858
7566,0.71615654
7580,0.7022836
7581,0.86991316
7584,0.38175994
7587,0.38279048
7589,0.4295074
7590,0.46240845
7594,0.6596254
7597,0.40873283
7602,0.88360006
7603,0.430177
7605,0.7338973
7609,0.4218655
7613,0.3956553
7619,0.3325097
7625,0.35560086
7626,0.46160302
7636,0.4965435
7639,0.7721867
7641,0.35163125
7643,0.8507512
7644,0.29390886
7657,0.3869717
7661,0.81156415
7666,0.288627
7673,0.37169832
7683,0.25872797
7685,0.32366076
7699,0.37954924
7704,0.65051323
7705,0.5204867
7708,0.5541925
7728,0.2762872
7733,0.38604337
7741,0.44063157
7743,0.40536237
7745,0.32203078
7754,0.7370313
7756,0.3346444
7757,0.36313596
7770,0.7037614
7773,0.9840021
7774,0.3813023
7776,0.71352834
7777,0.35852143
7778,0.39137536
7781,0.31995648
7784,0.3851702
7789,0.88601995
7794,0.7388386
7799,0.403345
7801,0.7612721
7818,0.23459315
7823,0.34380624
7828,0.38788244
7832,0.3868988
7839,0.39199972
7851,0.80711067
7856,0.42521465
7868,0.28561592
7869,0.20658007
7872,0.3898004
7874,0.31638992
7878,0.3304138
7888,0.40613672
7913,0.28868663
7923,0.4363318
7925,0.34739092
7926,0.59717923
7938,0.31273517
7942,0.73001623
7945,0.3343238
7954,0.6939404
7963,0.33609867
7969,0.41182837
7970,0.48521385
7977,0.4977526
7981,0.32328063
7990,0.2706728
8020,0.5527609
8023,0.39900115
8025,0.33421186
8034,0.5070296
8039,0.4396079
8046,0.2660545
8051,0.383058
8055,0.3836308
8060,0.44353163
8063,0.361142
8073,0.97619855
8074,0.43179983
8076,0.64313996
8080,0.3891308
8088,0.36037818
8102,0.48693645
8103,0.42214772
8104,0.42214772
8105,0.3391585
8109,0.3345649
8115,0.42787388
8121,0.6873153
8126,0.36106586
8135,0.8669722
8153,0.6532959
8156,0.3095852
8160,0.7544771
8161,0.35799205
8162,0.41487387
8171,0.38702416
8181,0.3919081
8183,0.37730592
8185,0.26910552
8191,0.97141033
8203,0.3306216
8204,0.6947181
8207,0.58717936
8208,0.43240228
8209,0.6452947
8210,0.35983974
8225,0.3861792
8226,0.34363025
8231,0.61243737
8233,0.13105115
8244,0.7468301
8250,0.32575688
8261,0.37001294
8265,0.36603215
8278,0.4307675
8279,0.36438933
8280,0.26786566
8296,0.78898877
8299,0.36968434
8300,0.42511824
8301,0.32898897
8305,0.35236463
8327,0.38228422
8334,0.40383604
8349,0.31742498
8355,0.28236467
8361,0.32845283
8362,0.38460222
8364,0.30056292
8365,0.32598653
8375,0.32909307
8378,0.7278538
8380,0.30890903
8381,0.33641663
8387,0.42369738
8399,0.7736474
8402,0.9756993
8409,0.40389976
8433,0.7079969
8436,0.4398154
8442,0.36368734
8448,0.34252313
8464,0.32797253
8469,0.5516341
8474,0.56026965
8478,0.41031092
8482,0.40390983
8490,0.21590832
8510,0.4047365
8511,0.3738788
8527,0.3401345
8532,0.3177684
8533,0.4117102
8538,0.40688208
8541,0.41986495
8545,0.40815508
8553,0.3110098
8554,0.46114254
8555,0.40798655
8569,0.34374028
8586,0.8612153
8593,0.3767929
8600,0.97946095
8606,0.71288544
8607,0.29554868
8611,0.27738658
8613,0.6784616
8618,0.85278726
8630,0.26652795
8637,0.3208505
8650,0.4158985
8652,0.17145228
8661,0.3306629
8669,0.43943784
8673,0.3911369
8674,0.40512538
8678,0.7523097
8682,0.38420305
8688,0.27937672
8689,0.7045663
8695,0.36458158
8698,0.3070905
8703,0.3276763
8709,0.369815
8716,0.42638093
8723,0.35613725
8737,0.6113782
8753,0.438383
8773,0.35900566
8774,0.334143
8778,0.6625389
8786,0.58808905
8794,0.33681488
8795,0.5752748
8800,0.27216566
8804,0.39612487
8808,0.381261
8809,0.2960534
8817,0.34513533
8818,0.33125404
8825,0.38088962
8830,0.37774193
8833,0.43124133
8834,0.3474611
8836,0.45896766
8837,0.36464402
8844,0.320807
8851,0.37575606
8861,0.8790794
8864,0.45441833
8865,0.41511956
8869,0.368736
8873,0.7771618
8880,0.8770216
8884,0.31284547
8888,0.3767369
8889,0.31141734
8891,0.8280973
8893,0.36384612
8897,0.44258252
8905,0.43012658
8910,0.76959395
8918,0.35275036
8939,0.35506877
8940,0.31299222
8941,0.4151645
8944,0.33838946
8949,0.2753437
8950,0.2866693
8958,0.86470455
8967,0.78435326
8975,0.6028012
8979,0.35069472
8980,0.3526963
8991,0.28054875
8995,0.24088402
8996,0.40880826
8998,0.72656316
9000,0.41344324
9001,0.6952811
9002,0.42213055
9024,0.3952385
9026,0.46525818
9027,0.3075049
9034,0.4083283
9038,0.39145732
9050,0.30392778
9052,0.8429519
9054,0.42583123
9078,0.8824881
9097,0.29227614
9109,0.28345385
9112,0.7132985
9115,0.4315363
9125,0.43905947
9132,0.27627158
9136,0.27366954
9139,0.34821498
9140,0.32664877
9142,0.62652034
9143,0.36272797
9147,0.45078367
9159,0.33494306
9165,0.6715536
9172,0.39953256
9177,0.40423575
9179,0.40593445
9185,0.39381197
9196,0.88211095
9201,0.4294601
9209,0.37994775
9210,0.587077
9212,0.2102016
9214,0.47967544
9240,0.96232915
9241,0.33901933
9244,0.3935307
9249,0.34985724
9250,0.71103275
9255,0.3817024
9258,0.47983292
9263,0.3340703
9266,0.53757507
9269,0.33401614
9272,0.36172095
9276,0.69481343
9290,0.380858
9299,0.43837422
9303,0.33040515
9310,0.119269736
9311,0.34340936
9314,0.33760798
9315,0.77305615
9325,0.40736458
9328,0.60086596
9329,0.38314992
9332,0.97692364
9337,0.48719063
9353,0.86771655
9355,0.33620808
9356,0.3719882
9362,0.7758234
9364,0.3280058
9366,0.38358864
9387,0.94711167
9388,0.9846044
9396,0.37711418
9400,0.38688624
9406,0.38102627
9411,0.35626674
9416,0.7018774
9417,0.8103622
9423,0.7923124
9425,0.3433196
9426,0.43230674
9427,0.33669344
9429,0.77764446
9430,0.816264
9434,0.3296688
9442,0.41974932
9458,0.34709796
9476,0.33325803
9481,0.3944756
9483,0.42724463
9484,0.42051104
9487,0.788111
9488,0.38447157
9490,0.35696596
9502,0.9416166
9505,0.36796427
9509,0.28911912
9515,0.46169335
9516,0.5101584
9532,0.33430535
9539,0.6572768
9542,0.31902924
9549,0.41123435
9550,0.6473807
9553,0.33356377
9554,0.21661812
9561,0.38425148
9566,0.41959158
9571,0.36693865
9577,0.4023768
9584,0.43366954
9592,0.38514715
9596,0.7953977
9602,0.34333822
9603,0.35024503
9604,0.6737151
9608,0.7004983
9609,0.39525342
9613,0.4588975
9623,0.37405938
9630,0.9841097
9633,0.40505585
9648,0.4182346
9665,0.42973396
9668,0.38808155
9678,0.36734834
9679,0.31849736
9693,0.784865
9718,0.8267153
9720,0.8173057
9744,0.3563901
9745,0.38791654
9746,0.68840957
9753,0.35010907
9758,0.378539
9759,0.36205745
9763,0.44737965
9766,0.37334865
9767,0.34398505
9777,0.57732725
9781,0.4014278
9789,0.42268836
9790,0.3102669
9799,0.24992004
9802,0.27344778
9805,0.70152986
9807,0.24876782
9812,0.2702015
9818,0.31059375
9820,0.8298608
9822,0.46687528
9824,0.3466982
9834,0.3678919
9836,0.32551798
9847,0.37273088
9864,0.86554974
9869,0.39249155
9875,0.41673
9880,0.29906127
9889,0.8309156
9894,0.3861155
9909,0.78055334
9915,0.43739775
9919,0.30080497
9920,0.8329186
9940,0.7601784
9946,0.7089961
9958,0.8331864
9959,0.4259741
9973,0.75717497
9976,0.38749814
9978,0.45783007
9982,0.40759188
9987,0.28566098
9988,0.20625709
9992,0.3564896
10000,0.043211643
10002,0.8020121
10005,0.41058668
10008,0.25937462
10009,0.41419384
10011,0.25274926
10021,0.32210997
10022,0.76736075
10053,0.32226166
10074,0.3913293
10076,0.4511215
10090,0.27540442
10092,0.27036574
10099,0.42648286
10102,0.5092597
10103,0.46878922
10106,0.48638284
10108,0.7078053
10113,0.8137602
10119,0.34912655
10122,0.37555197
10125,0.35664693
10140,0.28407705
10155,0.31533885
10159,0.33113554
10164,0.34551293
10175,0.4177863
10176,0.6754365
10178,0.39997527
10186,0.36123303
10200,0.29691082
10204,0.3628258
10206,0.35075802
10211,0.37535128
10212,0.39875406
10217,0.41903582
10220,0.56214356
10230,0.5860359
10234,0.27845258
10235,0.37574017
10239,0.28154
10240,0.31591123
10242,0.3449225
10245,0.33618483
10246,0.67803615
10247,0.4045165
10250,0.356674
10254,0.8888237
10257,0.39446798
10260,0.3426462
10261,0.8845567
10265,0.3884436
10273,0.26362228
10274,0.27294588
10277,0.3473419
10289,0.84091145
10290,0.27959093
10298,0.38282266
10301,0.37311986
10304,0.39259732
10305,0.41289127
10313,0.3458522
10320,0.37309778
10323,0.3751629
10328,0.3075108
10332,0.9688112
10336,0.9805695
10343,0.3874416
10348,0.3330409
10350,0.29341424
10351,0.28613
10354,0.27197376
10372,0.27339983
10373,0.7595958
10380,0.33249664
10383,0.23823515
10396,0.6645736
10397,0.57991314
10399,0.7143307
10400,0.5523218
10401,0.35594925
10402,0.3270755
10403,0.5765344
10410,0.94179535
10412,0.58327806
10415,0.23958005
10424,0.39380658
10428,0.34981993
10432,0.34625202
10462,0.37336487
10477,0.37644836
10482,0.37012625
10484,0.3982281
10493,0.37903258
10495,0.27206331
10497,0.38368094
10516,0.3869184
10521,0.15588675
10522,0.88781315
10523,0.8120347
10528,0.37241483
10530,0.19255814
10532,0.5488434
10533,0.43353826
10543,0.85150546
10547,0.541259
10552,0.3798605
10558,0.23951016
10571,0.3066488
10572,0.20874585
10574,0.23275393
10583,0.3750378
10600,0.28009695
10607,0.6031435
10608,0.57017803
10614,0.13706274
10630,0.3514733
10634,0.32327574
10635,0.39648464
10641,0.77909344
10643,0.5924916
10644,0.43475422
10648,0.5368093
10669,0.360173
10675,0.5414976
10686,0.83478403
10704,0.4307547
10707,0.48548993
10722,0.39639643
10736,0.74413127
10764,0.2716727
10767,0.8206934
10776,0.34568343
10779,0.3692427
10781,0.3398179
10792,0.7057447
10797,0.43628478
10798,0.38155538
10801,0.5414729
10802,0.44289798
10805,0.3190846
10808,0.3360564
10810,0.84964114
10816,0.39866012
10817,0.4079467
10829,0.71399844
10843,0.3652319
10858,0.4377561
10866,0.40765068
10876,0.3962462
10887,0.3126127
10891,0.33746514
10896,0.3861289
10900,0.813639
10905,0.2308666
10907,0.3504278
10917,0.22543472
10936,0.37437505
10947,0.34250155
10948,0.6698626
10951,0.32922086
10955,0.2846067
10969,0.43081987
10984,0.45817712
10987,0.36791438
10990,0.310451
10992,0.28855592
10996,0.41435888
10997,0.4357954
10999,0.3693757
11000,0.7557671
11001,0.43545362
11010,0.45842403
11016,0.4573903
11018,0.85963255
11034,0.88484365
11039,0.45107353
11041,0.3610229
11047,0.3978968
11053,0.5662058
11055,0.24670084
11056,0.4127545
11065,0.28659683
11068,0.67172277
11070,0.38745534
11071,0.636607
11072,0.3877763
11079,0.41044286
11091,0.33639818
11094,0.2671152
11112,0.39481533
11113,0.3876114
11128,0.22871037
11153,0.67696613
11154,0.31621137
11163,0.42272487
11179,0.35744745
11181,0.22356272
11206,0.17992568
11216,0.3634923
11221,0.4427277
11223,0.72462153
11228,0.83399826
11235,0.39904746
11237,0.3069149
11244,0.31848037
11256,0.37459934
11267,0.33946863
11272,0.7065125
11281,0.4126572
11285,0.30866334
11288,0.4275042
11291,0.34811383
11293,0.43305188
11297,0.36433882
11298,0.3194952
11299,0.3689389
11301,0.3382873
11309,0.77294004
11331,0.40012914
11332,0.4866902
11337,0.4166937
11343,0.8508437
11347,0.38400412
11348,0.66414833
11355,0.9535897
11368,0.33825928
11369,0.8584555
11371,0.8338575
11378,0.70147616
11384,0.412975
11387,0.4567154
11393,0.3460789
11399,0.43648914
11412,0.8322729
11431,0.4213935
11432,0.40391964
11444,0.8831585
11450,0.98084635
11451,0.6191436
11476,0.3185024
11488,0.3580977
11495,0.7258235
11505,0.3703378
11508,0.9062264
11518,0.34847707
11522,0.16420917
11524,0.3693899
11533,0.422177
11549,0.2819835
11551,0.98651576
11560,0.3065814
11563,0.35750833
11565,0.75441253
11567,0.3517698
11569,0.35444668
11598,0.49842757
11604,0.6736844
11611,0.3933628
11617,0.33365685
11626,0.2972576
11642,0.46574387
11643,0.2789404
11648,0.33317015
11651,0.33338675
11663,0.3003082
11666,0.43366933
11685,0.29477066
11686,0.59325105
11698,0.25908494
11708,0.29486048
11711,0.39943612
11718,0.2933674
11742,0.32454726
11761,0.75263
11767,0.4680785
11768,0.34503114
11775,0.524002
11779,0.33318403
11786,0.9203345
11790,0.7742844
11791,0.37976506
11796,0.027111208
11806,0.51489764
11810,0.35628322
11811,0.39228675
11814,0.8496408
11816,0.37708077
11820,0.4548887
11822,0.44690648
11829,0.47874779
11832,0.38830265
11834,0.69725376
11836,0.32706416
11837,0.33712423
11844,0.80601346
11847,0.67511743
11864,0.712022
11865,0.62663573
11872,0.32861605
11873,0.3187469
11886,0.4540389
11894,0.27515367
11905,0.342096
11906,0.21818148
11907,0.3644352
11912,0.36629334
11914,0.6975424
11918,0.39325392
11924,0.40541756
11929,0.9217761
11930,0.37497208
11936,0.3560752
11937,0.34440345
11954,0.5162542
11957,0.2616154
11964,0.2744229
11968,0.17379321
11972,0.28812185
11976,0.40421638
11979,0.11908072
11981,0.36317497
11983,0.35722032
11989,0.20441116
11991,0.46752444
11998,0.43895024
12003,0.37526736
12007,0.38697767
12011,0.5707773
12014,0.31957516
12024,0.3177758
12033,0.52196467
12034,0.40325356
12041,0.41687584
12046,0.37144
12056,0.28630733
12064,0.4218223
12069,0.2663076
12070,0.2818455
12071,0.3185228
12072,0.22126916
12078,0.30345958
12091,0.6657502
12092,0.32217488
12094,0.28056446
12098,0.3332033
12103,0.35529178
12115,0.7951415
12118,0.33672303
12122,0.48542365
12125,0.9341346
12133,0.3474335
12137,0.43159294
12141,0.359104
12143,0.36392537
12144,0.84024084
12154,0.3540278
12163,0.32123014
12170,0.70575696
12193,0.31933877
12196,0.382064
12206,0.42954814
12209,0.361684
12214,0.36376655
12228,0.3770367
12233,0.64299566
12238,0.36066866
12242,0.32857117
12245,0.61496943
12247,0.35871723
12251,0.3620613
12287,0.33513728
12292,0.7758978
12304,0.4110975
12317,0.76407665
12320,0.836963
12323,0.79272777
12328,0.34014872
12333,0.7884297
12334,0.31583944
12335,0.64411
12352,0.3978512
12358,0.3289571
12364,0.37523717
12376,0.2882681
12396,0.39447734
12402,0.96318716
12406,0.3277458
12408,0.27254266
12410,0.90326786
12413,0.6762963
12417,0.33374086
12424,0.6284982
12425,0.31970894
12426,0.45058948
12430,0.39701787
12432,0.7256019
12433,0.31821835
12451,0.24375091
12457,0.47906193
12465,0.3709894
12468,0.5158569
12474,0.3846476
12475,0.40135217
12486,0.41154072
12487,0.5349349
12514,0.3524975
12524,0.9805351
12526,0.31894386
12530,0.3965684
12532,0.33017835
12593,0.3241974
12599,0.38780695
12600,0.39392862
12603,0.37304115
12624,0.9760528
12630,0.2921236
12638,0.4379048
12641,0.70269716
12643,0.78343624
12656,0.31405833
12666,0.89848423
12673,0.80863583
12675,0.30195883
12678,0.8877714
12692,0.03332584
12693,0.85347265
12707,0.29284158
12711,0.76877356
12716,0.2701533
12717,0.76405233
12723,0.3416915
12738,0.2935283
12742,0.37812427
12746,0.41218454
12753,0.3704914
12758,0.34410882
12760,0.28391206
12763,0.35296693
12764,0.33809602
12768,0.4095698
12776,0.27563477
12777,0.33703274
12783,0.87557715
12804,0.25371176
12824,0.3905594
12839,0.35030982
12847,0.38669172
12850,0.97494644
12867,0.8009155
12883,0.3104079
12887,0.33743846
12890,0.26046208
12903,0.6446741
12906,0.2677585
12907,0.19397226
12909,0.26885295
12912,0.36804822
12915,0.33340874
12930,0.79731184
12931,0.53636396
12934,0.67225915
12951,0.401303
12955,0.44884092
12973,0.29792383
12988,0.36167985
12999,0.44860134
13015,0.7025295
13026,0.847931
13036,0.43450955
13039,0.3722535
13040,0.2992578
13041,0.31958804
13043,0.8602164
13057,0.31139156
13064,0.3428014
13068,0.7784709
13069,0.5870571
13073,0.55551285
13079,0.86726886
13086,0.2914297
13089,0.7827527
13093,0.3649436
13097,0.78493375
13098,0.29259375
13105,0.37057957
13107,0.6026985
13108,0.5616191
13110,0.39497563
13112,0.8460414
13114,0.40274197
13118,0.4080306
13127,0.33862177
13129,0.34617403
13142,0.97818714
13146,0.32952768
13149,0.2749687
13157,0.32348394
13158,0.89014757
13159,0.86685956
13161,0.26364103
13162,0.36308604
13166,0.33247927
13168,0.3710492
13170,0.9233972
13186,0.54382455
13191,0.44619724
13203,0.34921134
13209,0.35914582
13212,0.33792326
13213,0.39580736
13222,0.30546486
13229,0.7029282
13234,0.62016416
13257,0.7591829
13258,0.35165495
13268,0.3090925
13270,0.3611834
13291,0.32171237
13292,0.5115561
13299,0.36498603
13307,0.983136
13309,0.33699107
13311,0.44280332
13312,0.43473953
13322,0.37260723
13324,0.81995267
13330,0.43243822
13338,0.34071386
13344,0.6606305
13348,0.2538141
13355,0.705106
13365,0.97111297
13368,0.3702051
13370,0.4417126
13372,0.683097
13377,0.8448872
13385,0.6816393
13389,0.41791436
13393,0.32441458
13395,0.3663028
13404,0.31572086
13411,0.42332378
13416,0.39257294
13434,0.42775908
13435,0.82704043
13445,0.3639022
13446,0.32423735
13451,0.70330566
13462,0.48888862
13464,0.28177103
13466,0.2983557
13471,0.35316917
13472,0.8680706
13477,0.20126472
13481,0.30862093
13484,0.8715471
13490,0.44154704
13492,0.7700925
13500,0.22484998
13508,0.4079618
13516,0.40373597
13525,0.21620278
13526,0.4247236
13530,0.72439516
13532,0.38843715
13538,0.3369439
13546,0.40246767
13548,0.43863517
13550,0.80192953
13551,0.44996512
13564,0.45639294
13566,0.8848057
13570,0.46108937
13580,0.41386956
13585,0.29683197
13588,0.10199003
13592,0.42454144
13594,0.44256607
13609,0.37432107
13610,0.83107436
13613,0.3374501
13625,0.45157063
13626,0.7884406
13639,0.7542474
13645,0.7805419
13647,0.52798927
13648,0.09923884
13652,0.5882748
13654,0.745015
13664,0.42527288
13673,0.36048356
13684,0.30305356
13690,0.35513824
13693,0.3231507
13696,0.31643027
13700,0.7643349
13701,0.31939888
13707,0.6460111
13713,0.23475638
13714,0.31976154
13716,0.55150056
13720,0.29201654
13727,0.3363479
13733,0.31807128
13738,0.31164575
13757,0.40344316
13759,0.7061314
13761,0.41557115
13767,0.27970847
13782,0.413642
13786,0.36638975
13787,0.44174334
13792,0.25538027
13795,0.8474653
13798,0.30401894
13807,0.092412196
13809,0.34372014
13811,0.36744785
13815,0.35410294
13817,0.2674486
13818,0.2322408
13822,0.3216298
13824,0.35298476
13829,0.2529538
13832,0.9159564
13840,0.6394452
13841,0.62884283
13868,0.34580687
13871,0.93586904
13880,0.42129898
13888,0.59364367
13890,0.71993494
13891,0.37444112
13895,0.38982072
13907,0.28946045
13910,0.6537162
13912,0.78895366
13913,0.36701745
13923,0.78803575
13929,0.43600988
13936,0.41968054
13946,0.21523003
13950,0.26802528
13951,0.38372895
13954,0.3288628
13958,0.8721595
13969,0.6760679
13980,0.29864338
13981,0.44539356
13986,0.4294163
13987,0.30041528
13989,0.72557384
13992,0.35031974
13994,0.32085133
14001,0.7492229
14002,0.41580492
14004,0.42309317
14006,0.36878985
14012,0.6976407
14021,0.3904285
14024,0.9036206
14045,0.35912716
14047,0.80084014
14057,0.35558227
14059,0.34741393
14060,0.34853774
14068,0.27626526
14070,0.4871868
14074,0.45565954
14076,0.532988
14089,0.31764302
14115,0.42151573
14116,0.37918746
14128,0.48440725
14131,0.35300288
14134,0.63328505
14137,0.5736149
14138,0.40170085
14139,0.7575806
14152,0.34815145
14153,0.850137
14155,0.43278998
14156,0.77421737
14164,0.36789507
14165,0.46595415
14171,0.30660847
14174,0.34900054
14181,0.49989727
14186,0.79024863
14192,0.5026471
14201,0.6016779
14210,0.6869987
14214,0.23909108
14231,0.39012244
14236,0.29362068
14241,0.45267573
14245,0.33820167
14249,0.32592797
14251,0.36964402
14262,0.39977947
14265,0.33333024
14267,0.54770255
14270,0.9196484
14276,0.6328479
14279,0.5537042
14281,0.2966508
14289,0.34440154
14290,0.3361267
14293,0.7101609
14295,0.68642545
14297,0.4567554
14298,0.4378762
14310,0.328465
14312,0.7699405
14315,0.79717404
14318,0.60393053
14319,0.4797842
14325,0.59212255
14331,0.3455139
14334,0.29691166
14341,0.5444001
14343,0.9736779
14344,0.33037698
14346,0.3833282
14347,0.32786545
14349,0.36587885
14352,0.2780125
14358,0.31437376
14361,0.42128
14363,0.7271519
14374,0.53429955
14376,0.43289486
14381,0.60473114
14398,0.4058072
14410,0.4172555
14412,0.35187507
14415,0.44265968
14423,0.5656921
14425,0.41088945
14436,0.38981402
14444,0.36264375
14455,0.6370424
14465,0.4127396
14469,0.41408768
14471,0.32610402
14475,0.39924282
14479,0.39764744
14480,0.33753702
14488,0.53845555
14491,0.7325612
14501,0.39414456
14520,0.727764
14522,0.58320487
14523,0.31254095
14537,0.6767743
14538,0.57334334
14550,0.28960523
14561,0.39573553
14575,0.35294515
14586,0.34961092
14592,0.3904621
14601,0.8699548
14602,0.41058618
14604,0.34975815
14606,0.32428274
14627,0.3720665
14641,0.68821883
14652,0.32865623
14662,0.6049404
14665,0.49338153
14673,0.5641915
14675,0.4107099
14679,0.5469297
14683,0.39894065
14686,0.34990257
14705,0.5369035
14708,0.3161652
14709,0.5540174
14710,0.32818186
14715,0.52155155
14717,0.4192368
14723,0.35625312
14725,0.3239368
14727,0.5973189
14728,0.325653
14735,0.30740368
14746,0.3821615
14752,0.5531018
14757,0.26646885
14762,0.34035048
14763,0.38933936
14797,0.37707227
14812,0.35035533
14818,0.72866386
14825,0.44816107
14827,0.4119609
14829,0.390535
14830,0.3982526
14837,0.33888093
14849,0.3773169
14863,0.39342612
14869,0.35954508
14882,0.26556307
14884,0.68993556
14886,0.72656673
14888,0.7728061
14890,0.23937331
14904,0.31428373
14938,0.34147757
14952,0.2892975
14958,0.7110316
14963,0.37869325
14979,0.3286746
14980,0.34563014
14986,0.50236243
14988,0.32568964
15003,0.33795303
15006,0.5912204
15009,0.96996135
15015,0.67778724
15024,0.39704517
15030,0.69873023
15036,0.3950554
15038,0.6600794
15039,0.4159565
15047,0.85672253
15049,0.3267518
15056,0.9728352
15068,0.38503525
15070,0.38633943
15073,0.3209131
15081,0.40337184
15084,0.27143118
15088,0.9689934
15092,0.27149084
15095,0.39599338
15097,0.35197923
15098,0.3012994
15115,0.5071278
15120,0.7813879
15126,0.28040412
15133,0.45683515
15143,0.37666717
15156,0.4158658
15164,0.14886093
15178,0.36837938
15198,0.76668453
15200,0.6553166
15208,0.03106481
15214,0.26638213
15218,0.85433465
15231,0.363895
15238,0.29289567
15239,0.37512976
15240,0.3821179
15249,0.31758454
15256,0.30482402
15260,0.6689457
15290,0.35199136
15307,0.9844177
15308,0.6720491
15321,0.7953162
15323,0.61647826
15325,0.37530538
15342,0.6526848
15346,0.40912542
15349,0.43359312
15354,0.34322032
15362,0.35370478
15379,0.27436364
15383,0.32944745
15394,0.28150678
15401,0.552426
15405,0.38101515
15407,0.3337591
15412,0.4830527
15413,0.525874
15415,0.53893167
15427,0.78785026
15430,0.60467947
15436,0.6291117
15439,0.30819944
15443,0.27023232
15444,0.8534626
15445,0.76144433
15450,0.29255855
15456,0.82361513
15465,0.29743692
15466,0.2299719
15470,0.38429824
15474,0.65503687
15476,0.42480907
15482,0.30505702
15492,0.29578575
15510,0.5522187
15519,0.3982914
15523,0.14845653
15535,0.70118386
15561,0.9317352
15564,0.6611377
15566,0.27933982
15579,0.3211783
15580,0.5319271
15581,0.31671914
15587,0.37049627
15589,0.37679282
15591,0.35217142
15597,0.34457582
15620,0.75411934
15627,0.6486965
15636,0.7466749
15653,0.39028093
15662,0.92423344
15664,0.38747352
15666,0.58537716
15667,0.3433424
15674,0.4339709
15692,0.3252849
15715,0.30387044
15736,0.576528
15744,0.73906463
15746,0.33324033
15758,0.401985
15760,0.24893354
15766,0.28794098
15767,0.33226696
15789,0.7193563
15810,0.27010846
15818,0.26300544
15820,0.15315829
15830,0.41305766
15844,0.35253602
15850,0.24899442
15857,0.34244215
15863,0.9705579
15869,0.21206039
15872,0.27914268
15873,0.45889705
15884,0.27006447
15885,0.8656706
15891,0.7956086
15898,0.38506722
15900,0.2750051
15932,0.3519576
15940,0.3191457
15944,0.23003563
15945,0.25754535
15963,0.6249999
15970,0.33055165
15977,0.40542328
15982,0.25680348
15985,0.3559163
15995,0.44473428
16004,0.2598971
16005,0.29270726
16011,0.31712696
16019,0.63589126
16021,0.3456103
16051,0.803238
16065,0.33522683
16066,0.23874189
16076,0.33867365
16091,0.34504
16094,0.33113632
16101,0.3026068
16104,0.6971966
16113,0.73499745
16114,0.53670716
16115,0.7340798
16127,0.63169277
16128,0.3613988
16138,0.77889353
16139,0.65517014
16142,0.3111529
16144,0.5125064
16148,0.7229643
16151,0.35704803
16156,0.4868545
16165,0.5239395
16166,0.2874156
16179,0.80367243
16193,0.56828564
16196,0.5548925
16198,0.42602077
16210,0.6025583
16232,0.47984725
16237,0.27597255
16240,0.5633175
16252,0.5434268
16259,0.33632928
16262,0.38620186
16263,0.35394356
16270,0.306645
16272,0.34677806
16290,0.3124493
16295,0.82906115
16297,0.38688523
16299,0.34427547
16300,0.21848565
16302,0.3229316
16303,0.48057464
16305,0.5497128
16309,0.375921
16312,0.37280425
16320,0.20480587
16326,0.28668687
16327,0.38786644
16338,0.31546295
16342,0.35572937
16346,0.5366381
16348,0.33980855
16355,0.55360943
16356,0.5477602
16378,0.7794057
16382,0.24878015
16391,0.337034
16392,0.4202402
16395,0.76013595
16399,0.33037752
16403,0.33550328
16408,0.27120295
16413,0.30551562
16415,0.2710688
16417,0.68224615
16420,0.3562832
16431,0.3392543
16439,0.637149
16444,0.76859707
16446,0.08206477
16451,0.66836953
16454,0.3199596
16461,0.33553854
16462,0.43632826
16469,0.3470538
16484,0.36368495
16486,0.7088295
16487,0.36307675
16491,0.3500908
16494,0.3714742
16507,0.5194853
16508,0.30864894
16519,0.36820683
16523,0.3129867
16526,0.7279178
16530,0.35261086
16532,0.8472133
16542,0.32863402
16550,0.7872762
16555,0.35895112
16558,0.3402488
16567,0.85360366
16576,0.38185313
16579,0.47266206
16595,0.5913724
16598,0.31096885
16600,0.34375438
16604,0.7635145
16605,0.66772234
16607,0.7630517
16610,0.4300103
16612,0.9809698
16617,0.7106078
16625,0.7402961
16632,0.6343775
16634,0.53700775
16650,0.22310948
16654,0.40932298
16655,0.36302587
16656,0.32954866
16657,0.47020248
16660,0.45790404
16662,0.40576693
16669,0.34603152
16675,0.6595979
16676,0.36776286
16678,0.4044929
16679,0.3757333
16693,0.38925013
16701,0.26764876
16715,0.40016922
16722,0.6950124
16724,0.6364342
16727,0.6034338
16735,0.4052889
16741,0.36480507
16752,0.25204933
16758,0.39097142
16765,0.35469604
16771,0.35276562
16785,0.06775252
16793,0.60413903
16800,0.32584277
16805,0.38098428
16809,0.27973887
16820,0.566585
16827,0.46594635
16830,0.46183926
16843,0.97537816
16847,0.24698469
16855,0.7239206
16860,0.7361561
16862,0.73986065
16863,0.389124
16872,0.3046514
16874,0.26309022
16876,0.39501926
16893,0.32280344
16895,0.33958176
16914,0.5217474
16917,0.33352804
16926,0.30878165
16930,0.4433342
16931,0.33646813
16932,0.26102462
16934,0.3562807
16937,0.37006408
16941,0.39693677
16942,0.9382438
16957,0.32517475
16962,0.62289304
16967,0.77059996
16968,0.8246357
16972,0.31142217
16974,0.243686
16984,0.30538338
16987,0.2884084
16994,0.7255516
16995,0.67456096
16999,0.35589525
17034,0.57397395
17038,0.2791037
17040,0.26105782
17050,0.2095453
17068,0.32810488
17077,0.30899423
17079,0.696462
17082,0.6951027
17085,0.64793146
17087,0.33103776
17099,0.8163358
17105,0.3452778
17108,0.27843434
17110,0.32542115
17111,0.38492382
17123,0.4033869
17124,0.41430515
17130,0.6519981
17138,0.29397237
17143,0.8371487
17157,0.24614055
17160,0.897744
17166,0.27827692
17167,0.30508655
17179,0.44614333
17180,0.3095453
17189,0.5670952
17197,0.6714924
17219,0.5719469
17223,0.26786897
17225,0.80929965
17229,0.80341214
17234,0.32207707
17235,0.27309576
17239,0.33965603
17242,0.34562168
17243,0.39869
17246,0.5304101
17247,0.31641543
17255,0.22207317
17258,0.50832933
17260,0.41886204
17264,0.6044265
17270,0.37358853
17271,0.39773303
17272,0.3266643
17285,0.38779777
17294,0.3406479
17297,0.40731505
17298,0.64063066
17299,0.3506901
17306,0.27558097
17324,0.33728743
17326,0.32039958
17330,0.33896247
17345,0.29490638
17351,0.7848468
17352,0.2784677
17372,0.27466583
17381,0.5600002
17385,0.6064399
17388,0.26647946
17390,0.6254098
17392,0.87755364
17399,0.25614318
17404,0.34697437
17407,0.20235088
17408,0.32970217
17416,0.66669345
17418,0.3339119
17434,0.77932835
17438,0.68621665
17443,0.736474
17444,0.3570259
17453,0.5464595
17460,0.5599479
17467,0.4602111
17480,0.44666603
17488,0.6341749
17490,0.3206677
17493,0.3590708
17498,0.33586198
17503,0.3142917
17513,0.34050807
17520,0.68005246
17525,0.529685
17534,0.3055331
17545,0.3012458
17553,0.3452663
17554,0.29160097
17557,0.33436882
17563,0.62676245
17576,0.35623047
17577,0.37036029
17580,0.7948877
17582,0.3086643
17596,0.40109697
17597,0.3711355
17602,0.7319973
17614,0.65226936
17623,0.40980467
17624,0.6483379
17627,0.7089725
17628,0.34586367
17630,0.32297862
17634,0.8680933
17640,0.3537419
17652,0.52087504
17657,0.24768311
17661,0.3152296
17662,0.32547176
17666,0.2741186
17682,0.77692914
17688,0.5185183
17693,0.5215839
17705,0.35674477
17711,0.38863763
17715,0.29081896
17717,0.37379584
17721,0.34005713
17728,0.16319726
17737,0.32681817
17745,0.39706942
17755,0.37014174
17764,0.8632578
17774,0.36336732
17785,0.2796569
17786,0.8032079
17789,0.33745116
17802,0.3496862
17810,0.78175575
17819,0.86261487
17825,0.33736408
17828,0.3167083
17833,0.2744281
17841,0.83903146
17842,0.35835713
17844,0.3016294
17849,0.34014997
17855,0.3895973
17857,0.88387084
17861,0.4145213
17863,0.38827074
17868,0.3438714
17876,0.6767966
17882,0.2981753
17885,0.37103912
17893,0.37918475
17894,0.29785204
17902,0.84470975
17906,0.32714278
17911,0.40903485
17917,0.35819066
17921,0.25328922
17941,0.3778194
17945,0.28754443
17949,0.28937504
17954,0.38235602
17957,0.33422378
17958,0.7538001
17960,0.33114925
17985,0.7611224
18000,0.33003762
18002,0.59769607
18008,0.25594673
18014,0.2938193
18015,0.9737805
18019,0.21619754
18021,0.27717954
18026,0.20429051
18029,0.3578334
18034,0.70090914
18035,0.33345577
18036,0.35667083
18039,0.7269426
18066,0.23646425
18076,0.3854884
18089,0.28598753
18104,0.307473
18110,0.36761975
18129,0.67926836
18131,0.81877065
18133,0.2747583
18136,0.31588256
18148,0.5088826
18152,0.041823316
18167,0.85310996
18177,0.2917401
18178,0.30833575
18183,0.30025235
18194,0.48809808
18197,0.64253175
18213,0.24886131
18214,0.2895677
18221,0.123316325
18227,0.22834878
18239,0.71430135
18245,0.33345148
18266,0.2312301
18267,0.6158476
18274,0.11067585
18283,0.31316566
18297,0.31124157
18302,0.18190286
18303,0.6469278
18315,0.45198908
18324,0.31408215
18326,0.6422585
18334,0.22584799
18336,0.37160888
18344,0.3782492
18346,0.3484462
18347,0.2632849
18350,0.30463225
18352,0.48101807
18364,0.44113922
18366,0.37577692
18373,0.25284544
18391,0.27879843
18393,0.27296227
18395,0.57346076
18400,0.7905122
18408,0.41728625
18421,0.5913221
18425,0.6436744
18443,0.37010673
18451,0.29463047
18456,0.31687418
18458,0.66962487
18460,0.26207006
18467,0.38273638
18468,0.3720055
18475,0.42860657
18485,0.25649405
18494,0.6435842
18495,0.86666024
18508,0.5812468
18530,0.4775519
18533,0.38842636
18547,0.18362783
18548,0.34030345
18553,0.31158304
18561,0.33805367
18565,0.73051643
18572,0.2990001
18593,0.3016214
18600,0.278299
18621,0.52451926
18629,0.6258087
18637,0.2886866
18649,0.30673608
18653,0.75528866
18660,0.31950828
18671,0.19832005
18672,0.2071089
18677,0.30770108
18681,0.9282729
18684,0.8398044
18686,0.2501239
18689,0.38699138
18690,0.4453562
18709,0.5713282
18716,0.8121557
18723,0.53991765
18773,0.27413914
18782,0.39456618
18797,0.4952064
18810,0.31199008
18817,0.6349438
18820,0.78464425
18825,0.31936687
18837,0.5953699
18850,0.6973908
18857,0.41346395
18861,0.6241307
18867,0.33472395
18870,0.23662868
18877,0.6614862
18887,0.48200306
18898,0.31360587
18900,0.5781005
18914,0.6195935
18921,0.3943113
18922,0.71804166
18945,0.3052928
18947,0.5583829
18953,0.42528418
18954,0.3704529
18957,0.5854154
18960,0.7091278
18973,0.14318644
18983,0.5172001
18990,0.20580891
18991,0.2386049
18993,0.36516264
18995,0.2730647
18996,0.2907714
19003,0.2414159
19014,0.3381663
19015,0.34217155
19019,0.63867575
19028,0.37269425
19038,0.5891695
19040,0.48076677
19046,0.304364
19051,0.26841173
19054,0.92178726
19056,0.3481621
19074,0.32413512
19085,0.6996455
19099,0.83906686
19124,0.36154646
19134,0.52325195
19141,0.12953933
19146,0.503386
19150,0.31276715
19170,0.3062312
19176,0.44799653
19187,0.40491727
19189,0.3368219
19202,0.6198316
19208,0.33737344
19209,0.32846645
19210,0.78233105
19216,0.36475596
19217,0.26081806
19218,0.55124223
19223,0.34001926
19240,0.2630508
19246,0.55914366
19269,0.33028433
19275,0.62620085
19287,0.31718415
19298,0.40819904
19303,0.26201704
19313,0.5629207
19325,0.30746716
19326,0.3665229
19328,0.40040833
19330,0.42195225
19340,0.5743723
19342,0.3857081
19343,0.3337289
19344,0.56870854
19363,0.2895677
19364,0.51136845
19371,0.101904765
19376,0.2717519
19377,0.28213257
19381,0.36825067
19384,0.5121904
19390,0.5453568
19402,0.26197898
19405,0.28602165
19409,0.24116278
19418,0.7722319
19429,0.488299
19446,0.611125
19458,0.67877626
19460,0.8592467
19462,0.69051826
19465,0.35549465
19472,0.47681737
19480,0.393283
19503,0.65416586
19507,0.5683245
19517,0.34080037
19533,0.32261896
19537,0.19393228
19541,0.3352253
19563,0.22885776
19566,0.6956851
19568,0.51069313
19576,0.4085827
19591,0.2991421
19597,0.76844054
19619,0.57607657
19622,0.69743335
19623,0.34372774
19624,0.31030726
19627,0.3412712
19629,0.26207027
19633,0.31120393
19639,0.27523372
19641,0.31513822
19643,0.29545492
19649,0.2667009
19652,0.7357938
19657,0.346963
19660,0.74301004
19668,0.9856544
19678,0.38218445
19686,0.7369821
19690,0.31821415
19694,0.38580284
19695,0.3247919
19702,0.69333714
19712,0.33554986
19720,0.73172647
19735,0.7086713
19739,0.33782488
19740,0.6527738
19743,0.3227784
19750,0.3323578
19752,0.68691516
19754,0.34855688
19762,0.5635243
19770,0.32166258
19775,0.49805358
19777,0.36017898
19782,0.3410911
19783,0.6582516
19786,0.3028271
19805,0.29729313
19808,0.21321693
19819,0.83643997
19821,0.28558192
19827,0.32568797
19830,0.52495813
19832,0.50806636
19833,0.31473765
19834,0.36804795
19843,0.3045316
19844,0.28360802
19846,0.27927455
19847,0.3252402
19850,0.7552985
19851,0.37695587
19861,0.611762
19873,0.43649292
19878,0.31669337
19886,0.26424012
19892,0.7351079
19901,0.27691516
19902,0.50773853
19920,0.89506614
19921,0.28884065
19922,0.25116748
19929,0.787849
19932,0.59366524
19935,0.31506515
19936,0.7061125
19946,0.78475887
19950,0.33582893
19952,0.51502717
19955,0.37650356
19976,0.30600646
19983,0.55391157
19987,0.25290293
19991,0.6716368
19996,0.7310207
20007,0.63282853
20015,0.41436478
20019,0.32160217
20023,0.40546623
20034,0.31570446
20036,0.308643
20038,0.42601743
20039,0.35114452
20040,0.8594899
20045,0.53235304
20046,0.62064296
20048,0.40256432
20060,0.47412476
20068,0.09369059
20074,0.8607251
20111,0.33223712
20117,0.28575176
20125,0.30091837
20129,0.70165324
20134,0.36959982
20135,0.29395035
20139,0.3172837
20142,0.34602493
20147,0.5760749
20154,0.77613074
20157,0.2284988
20169,0.1972044
20179,0.24049836
20202,0.22552116
20207,0.45228317
20215,0.32030812
20216,0.61597764
20217,0.75899094
20218,0.7273469
20219,0.64217895
20226,0.2747223
20236,0.3537241
20239,0.28313416
20246,0.31755492
20247,0.20853104
20253,0.6427793
20255,0.26846606
20268,0.38464233
20270,0.7128541
20271,0.27986687
20279,0.5109273
20282,0.61959785
20295,0.30946967
20302,0.45054567
20305,0.54913366
20306,0.56076914
20308,0.2764312
20330,0.6414309
20335,0.46130925
20344,0.25006142
20349,0.834233
20360,0.32795462
20362,0.78927547
20378,0.57053006
20394,0.35790113
20397,0.7639874
20403,0.2750819
20405,0.6393387
20415,0.24211657
20417,0.28865135
20420,0.32830518
20425,0.40485957
20430,0.70359135
20435,0.4744294
20443,0.45403218
20446,0.44650346
20458,0.31412557
20459,0.65601045
20467,0.25345942
20470,0.7988214
20482,0.62625474
20489,0.5936222
20495,0.4363417
20496,0.33278006
20497,0.7326408
20505,0.47811446
20509,0.65941656
20535,0.50417805
20539,0.6970756
20544,0.69022423
20547,0.3272066
20556,0.3607633
20557,0.60128176
20575,0.35599813
20577,0.27304664
20596,0.2728307
20597,0.37490988
20602,0.34102395
20603,0.3846806
20609,0.7002597
20618,0.4366255
20621,0.6774648
20628,0.11239091
20634,0.4082801
20637,0.3005779
20641,0.30658197
20642,0.44628242
20647,0.32107797
20655,0.579168
20656,0.22953086
20661,0.25956553
20664,0.7554573
20674,0.7933787
20679,0.7820091
20680,0.26448506
20683,0.8808271
20687,0.36527222
20688,0.97489524
20695,0.29791087
20696,0.41569355
20699,0.31482413
20701,0.25726932
20702,0.16754405
20704,0.3324863
20721,0.33482662
20725,0.26493305
20731,0.3842856
20741,0.3804971
20742,0.29626867
20753,0.4973728
20756,0.26783746
20769,0.2221588
20771,0.4523768
20774,0.35484788
20777,0.36528695
20781,0.3042555
20797,0.6598461
20808,0.5346579
20810,0.53078634
20820,0.59380764
20823,0.95962083
20829,0.8930174
20832,0.34770638
20833,0.34583583
20837,0.29699045
20838,0.2407921
20839,0.31437886
20847,0.33237228
20861,0.31866485
20869,0.9748325
20875,0.28442615
20877,0.46431333
20889,0.32963705
20894,0.8284655
20901,0.67944187
20919,0.23900911
20923,0.3142534
20935,0.75209236
20937,0.34602678
20939,0.89266163
20940,0.32116756
20943,0.30437416
20946,0.8586625
20950,0.6633197
20961,0.7590098
20965,0.34997272
20967,0.5286179
20969,0.28440046
20970,0.37307435
20975,0.6021075
20987,0.65024316
20995,0.6353304
20998,0.77427363
21002,0.23930383
21012,0.9369815
21013,0.75158936
21015,0.29969457
21017,0.3106631
21020,0.23873948
21028,0.2262375
21031,0.36050147
21036,0.2808428
21040,0.28769973
21048,0.59061575
21049,0.34730822
21051,0.47362772
21070,0.28125778
21072,0.58757305
21079,0.6288359
21090,0.5510502
21093,0.34730253
21104,0.23893236
21114,0.3508137
21117,0.23971407
21120,0.28455186
21121,0.37689805
21132,0.19832267
21136,0.46704072
21139,0.51042265
21140,0.27904484
21146,0.586823
21150,0.51566195
21178,0.42427588
21180,0.8091045
21198,0.29064634
21203,0.28172085
21210,0.2261471
21218,0.32153618
21220,0.28193069
21222,0.080495186
21228,0.2972665
21236,0.43961442
21239,0.2420442
21260,0.2820222
21267,0.1700503
21271,0.23691322
21279,0.208031
21286,0.26674378
21288,0.36154497
21294,0.6110845
21298,0.2292868
21299,0.62067014
21300,0.7231357
21304,0.2757274
21307,0.24360946
21309,0.10526433
21311,0.25392658
21331,0.28682593
21332,0.7375368
21342,0.47900897
21345,0.6895415
21348,0.71035165
21353,0.45203832
21357,0.24037157
21369,0.4546937
21370,0.5405614
21371,0.34710062
21373,0.2881712
21385,0.5291038
21392,0.31801006
21401,0.33601594
21403,0.24054156
21406,0.37416783
21413,0.302784
21414,0.34591278
21416,0.36186796
21423,0.7462707
21442,0.48949495
21443,0.19240071
21448,0.25888827
21459,0.48763105
21467,0.21171206
21474,0.49266368
21484,0.33942342
21488,0.7760656
21495,0.2189797
21498,0.2818093
21502,0.26634875
21503,0.46652198
21510,0.52405775
21516,0.7536363
21533,0.7946351
21535,0.32230297
21539,0.25792277
21541,0.302301
21544,0.5543798
21554,0.8431979
21569,0.26698402
21572,0.3804967
21578,0.23462911
21580,0.2891662
21584,0.21340483
21589,0.54760724
21595,0.32666424
21598,0.5977455
21599,0.2941106
21606,0.23295502
21623,0.29769018
21639,0.5789289
21641,0.2797269
21645,0.2516261
21647,0.48793122
21648,0.17056887
21657,0.22615324
21671,0.26249182
21673,0.19439258
21678,0.2550443
21696,0.47278675
21699,0.47994614
21700,0.2533901
21703,0.3671062
21710,0.29997006
21721,0.26027906
21727,0.27924362
21728,0.81738555
21731,0.32154945
21741,0.28441417
21744,0.8686645
21748,0.22783233
21753,0.22592266
21756,0.33401623
21763,0.34750718
21767,0.24228042
21772,0.7121821
21774,0.28759527
21775,0.7476582
21780,0.5192789
21787,0.46482822
21805,0.3109034
21828,0.2161464
21831,0.2439973
21837,0.29084086
21842,0.34453562
21849,0.3633867
21856,0.35969874
21858,0.21816213
21862,0.17002696
21864,0.18543714
21867,0.2676555
21879,0.2205947
21881,0.29967266
21883,0.28520268
21891,0.48226854
21892,0.3019177
21902,0.16662519
21909,0.25657567
21914,0.18231934
21918,0.27644932
21919,0.21744531
21926,0.26486328
21930,0.37058702
21934,0.54314554
21940,0.27713692
21945,0.21023831
21948,0.68685997
21953,0.28301415
21954,0.18023103
21956,0.4387618
21963,0.45428672
21970,0.3803932
21984,0.22806822
21997,0.23707418
21999,0.172538
22001,0.25281537
22002,0.15486036
22010,0.7409141
22013,0.22138698
22022,0.21724635
22024,0.22956394
22028,0.23133366
22029,0.831113
22045,0.3196909
22049,0.20557825
22064,0.7474246
22069,0.50589603
22074,0.15489374
22082,0.23843978
22084,0.24330388
22090,0.3830196
22096,0.5842676
22100,0.24306373
22105,0.21964316
22119,0.33819875
22130,0.25427312
22152,0.7155961
22155,0.20992012
22164,0.20830652
22173,0.29851544
22194,0.36398995
22209,0.24499702
22217,0.061581872
22220,0.15733053
22222,0.73427194
22244,0.21545872
22245,0.21702099
22250,0.39202753
22256,0.7692777
22261,0.7757841
22264,0.22923231
22270,0.38203916
22279,0.7080579
22280,0.22863626
22284,0.17829911
22288,0.31655604
22293,0.24747638
22297,0.91347855
22307,0.35891607
22310,0.24627164
22319,0.5261038
22324,0.23318714
22326,0.1306549
22327,0.23675424
22329,0.22341269
22331,0.829642
22340,0.55090857
22342,0.639221
22347,0.39183795
22351,0.26729387
22357,0.28797466
22361,0.3275989
22371,0.3293048
22373,0.39154327
22391,0.5152146
22404,0.7057135
22409,0.7480762
22411,0.23285581
22428,0.597753
22436,0.30872628
22444,0.72289836
22445,0.31951264
22451,0.21902993
22463,0.20283064
22464,0.22561905
22467,0.5783723
22472,0.19825324
22485,0.733704
22497,0.25003847
22504,0.37470123
22508,0.2377267
22516,0.2698854
22522,0.2230019
22527,0.43915918
22543,0.81148046
22549,0.24814849
22551,0.26760018
22557,0.47245443
22562,0.2336934
22567,0.2359498
22572,0.29286563
22575,0.20573974
22578,0.26696908
22579,0.3684409
22580,0.39999038
22581,0.23521495
22591,0.74027956
22593,0.27216288
22597,0.22082253
22600,0.42243442
22602,0.35187593
22603,0.34726697
22616,0.4856452
22617,0.19363981
22622,0.23978575
22623,0.26307717
22624,0.56831646
22628,0.3335065
22640,0.21711066
22641,0.35706815
22653,0.5694571
22660,0.17843427
22672,0.5786289
22674,0.2619466
22689,0.44166955
22698,0.2640657
22705,0.61615527
22709,0.7483382
22711,0.22822617
22714,0.6660933
22715,0.27988765
22729,0.3823201
22730,0.38081804
22733,0.31952596
22750,0.2059243
22754,0.69955647
22756,0.6352481
22758,0.35830426
22767,0.7311156
22768,0.36289552
22769,0.5772816
22776,0.19243737
22778,0.2651643
22780,0.73389244
22789,0.13217627
22797,0.44672632
22799,0.69760484
22814,0.19047578
22818,0.3206986
22821,0.38701177
22823,0.3840347
22841,0.15558356
22847,0.47645858
22848,0.39539605
22862,0.2464
22875,0.7688639
22877,0.8483607
22887,0.23553137
22892,0.16790411
22899,0.82679796
22901,0.7687081
22907,0.4192251
22909,0.39655373
22926,0.3990382
22927,0.45289713
22930,0.3338167
22934,0.41598916
22937,0.35005558
22939,0.76256466
22949,0.35653803
22951,0.47012502
22955,0.27874583
22965,0.80799276
22966,0.70503753
22968,0.9725175
22972,0.32022092
22975,0.30757684
22981,0.39839455
22988,0.26927805
22994,0.34929213
22996,0.7639108
23011,0.71001357
23028,0.3928094
23031,0.4825448
23035,0.24280818
23038,0.3922855
23042,0.28457662
23049,0.82336485
23051,0.9860982
23053,0.33476156
23057,0.76511645
23058,0.33304965
23063,0.5579442
23064,0.36127222
23067,0.32606792
23071,0.3853566
23075,0.26590022
23077,0.7320639
23090,0.47338438
23094,0.47145158
23097,0.43663868
23103,0.3339001
23107,0.73311013
23117,0.30968472
23122,0.31097624
23124,0.21843854
23126,0.29228103
23129,0.67061657
23136,0.34660122
23141,0.3106935
23142,0.36201802
23147,0.4241813
23154,0.355942
23159,0.23766999
23165,0.2668127
23171,0.73135674
23173,0.13400191
23175,0.34368318
23179,0.96421236
23182,0.79484665
23185,0.36606526
23188,0.39496198
23189,0.33930954
23209,0.30226132
23214,0.29887614
23215,0.36868083
23233,0.4084284
23241,0.36147073
23252,0.35812554
23255,0.46037737
23263,0.28424257
23281,0.29311073
23282,0.28138456
23289,0.26449808
23292,0.24239516
23296,0.42772087
23297,0.32996747
23301,0.35487694
23302,0.27649567
23304,0.3458893
23309,0.31178093
23312,0.31659263
23316,0.41154987
23321,0.39275157
23342,0.3782437
23344,0.25064254
23350,0.26956105
23367,0.6687346
23368,0.27827063
23374,0.3282368
23387,0.25626785
23389,0.6233398
23399,0.75563157
23403,0.7874069
23406,0.9618566
23414,0.37206167
23415,0.14970623
23419,0.6369282
23436,0.30469292
23439,0.7489077
23444,0.336028
23445,0.41374022
23455,0.23805252
23469,0.2830428
23472,0.11106275
23477,0.36743054
23478,0.6077527
23479,0.3174841
23487,0.36760736
23490,0.3524036
23491,0.72735274
23492,0.19723853
23494,0.32577196
23496,0.24182083
23497,0.27605402
23506,0.2390254
23515,0.37263054
23528,0.34815744
23532,0.37038302
23549,0.5888915
23551,0.23297009
23552,0.17931323
23555,0.38079002
23556,0.3461401
23564,0.66988105
23583,0.39641005
23592,0.3138081
23597,0.94979894
23601,0.293281
23605,0.641475
23615,0.28263032
23619,0.36296326
23621,0.95721626
23626,0.6190792
23635,0.54826427
23637,0.37383455
23640,0.368895
23646,0.25762692
23655,0.28813928
23672,0.7521669
23673,0.33867946
23682,0.22305316
23683,0.3605567
23699,0.31847954
23704,0.7656001
23707,0.97764677
23713,0.27476743
23714,0.2075396
23716,0.2616867
23718,0.76630044
23721,0.11563627
23735,0.28029296
23737,0.36552805
23744,0.2679796
23749,0.6510893
23755,0.48694843
23769,0.6149395
23772,0.3203196
23773,0.25936908
23774,0.6125875
23779,0.21931721
23782,0.4074473
23793,0.26842216
23803,0.94810873
23828,0.65011555
23833,0.70067674
23834,0.76343495
23844,0.3709578
23845,0.70564055
23852,0.79721856
23855,0.7365649
23867,0.26794618
23872,0.6432769
23874,0.43956932
23880,0.26007432
23886,0.2503631
23898,0.31112134
23900,0.28245997
23903,0.25760382
23907,0.32663316
23908,0.8303082
23912,0.27305165
23916,0.2563649
23917,0.2486005
23918,0.35345483
23922,0.42150453
23928,0.35111988
23940,0.55422133
23944,0.27624324
23945,0.33476564
23951,0.24277297
23966,0.25410965
23970,0.25462952
23971,0.38188776
23976,0.6245927
23980,0.29239738
23987,0.96169084
23988,0.27646542
23993,0.39576358
23997,0.28623524
23998,0.36197683
23999,0.75592756
24010,0.64341336
24015,0.6491593
24023,0.34941673
24033,0.2714316
24046,0.65375626
24060,0.39372858
24062,0.28161082
24065,0.65039325
24070,0.29466474
24071,0.23682638
24073,0.26730004
24079,0.3956845
24082,0.9514548
24084,0.38480264
24089,0.44600016
24094,0.36889789
24100,0.35598093
24105,0.32293713
24106,0.15079114
24108,0.6671878
24111,0.9728476
24120,0.37177452
24125,0.541667
24134,0.5629829
24140,0.3563674
24151,0.3372915
24153,0.30398047
24154,0.32462186
24161,0.40819857
24166,0.3545233
24170,0.5795273
24176,0.23252146
24182,0.7241468
24188,0.35840952
24190,0.3167995
24201,0.9561816
24211,0.8491929
24215,0.69924796
24216,0.95812494
24219,0.29221582
24222,0.66035414
24240,0.9820663
24243,0.40037382
24245,0.3996115
24251,0.22567211
24256,0.9728838
24258,0.2674132
24261,0.40268072
24263,0.3496158
24264,0.42449367
24266,0.32635272
24273,0.35230774
24278,0.34840047
24289,0.9731286
24292,0.32423246
24293,0.38151696
24298,0.9730609
24299,0.30704734
24303,0.6525492
24304,0.36763045
24305,0.37224203
24329,0.29782552
24341,0.3203271
24345,0.7963367
24353,0.3360038
24358,0.9778797
24364,0.7356789
24367,0.40097773
24370,0.6825847
24377,0.36933267
24380,0.30562055
24381,0.296821
24387,0.44098365
24391,0.35741037
24409,0.97390705
24413,0.36740485
24416,0.30616987
24427,0.5242778
24439,0.26163816
24443,0.38086876
24448,0.4628496
24454,0.65977937
24455,0.2986338
24461,0.27961123
24464,0.395061
24468,0.18920736
24469,0.2817639
24501,0.3222827
24508,0.3477679
24519,0.31935087
24520,0.975574
24538,0.49445912
24540,0.74955153
24550,0.29086068
24552,0.26617023
24561,0.3249893
24577,0.3620762
24579,0.3553187
24580,0.40762275
24582,0.3670869
24591,0.7056381
24592,0.4246152
24599,0.7498143
24602,0.3595163
24606,0.344485
24617,0.29407883
24619,0.873982
24630,0.22469096
24633,0.83201903
24634,0.6861573
24638,0.31983155
24641,0.43493098
24644,0.44385868
24645,0.8074718
24656,0.38112816
24661,0.34666532
24663,0.7478727
24667,0.34455967
24669,0.694599
24682,0.42248175
24698,0.3021904
24699,0.76965255
24702,0.3657763
24703,0.4561841
24717,0.36996052
24724,0.98370314
24731,0.36450812
24737,0.29460993
24740,0.5071736
24743,0.30368227
24744,0.9813145
24755,0.640419
24757,0.38322616
24765,0.49614412
24766,0.3193517
24776,0.7924939
24787,0.9732203
24789,0.34013757
24791,0.3608011
24792,0.39244288
24804,0.13780336
24812,0.47342554
24816,0.37083545
24817,0.45653963
24820,0.6862453
24828,0.4075663
24832,0.3519701
24836,0.38722256
24842,0.75145483
24846,0.29346403
24847,0.33944538
24848,0.96443594
24851,0.7667139
24855,0.77267665
24856,0.33711287
24871,0.52263963
24874,0.34979314
24877,0.3847404
24889,0.38674167
24897,0.3891979
24899,0.77687883
24908,0.29115617
24913,0.7489115
24923,0.3120173
24933,0.3521074
24971,0.30767146
24973,0.9797426
24993,0.585537
24998,0.46781468
25000,0.95728064
25001,0.97112083
25002,0.3540274
25003,0.9788897
25009,0.38349384
25024,0.2570759
25026,0.27994
25027,0.9826785
25034,0.235027
25050,0.34633318
25057,0.31802514
25067,0.8552232
25075,0.47787824
25081,0.41574407
25085,0.46087506
25093,0.3797878
25097,0.3906813
25103,0.39315557
25104,0.53088325
25109,0.39206812
25112,0.83934605
25113,0.41219562
25114,0.350377
25119,0.21471585
25121,0.3247553
25122,0.8403781
25124,0.70092535
25131,0.37857383
25134,0.8223037
25144,0.29538557
25147,0.71600825
25148,0.48546332
25149,0.35496914
25155,0.54692155
25169,0.7771511
25177,0.70832187
25178,0.36072022
25179,0.36678943
25180,0.72442883
25191,0.6860563
25199,0.30076835
25232,0.45091802
25241,0.44969442
25242,0.7792301
25243,0.3061328
25246,0.31679577
25259,0.7176654
25265,0.7705879
25278,0.7453117
25280,0.33939338
25284,0.41248688
25286,0.7166241
25288,0.2795788
25318,0.982264
25330,0.71100885
25333,0.36384797
25339,0.2986137
25340,0.7059333
25346,0.4097904
25349,0.80079055
25351,0.34564984
25361,0.6870887
25366,0.4328977
25368,0.9730204
25369,0.36494613
25370,0.40633252
25375,0.30991095
25376,0.6849015
25377,0.3819397
25379,0.40151435
25382,0.62215483
25386,0.6102255
25389,0.63108104
25399,0.40537986
25400,0.9787064
25401,0.6308464
25407,0.26828867
25409,0.3108025
25412,0.3330761
25416,0.26809788
25418,0.40984383
25423,0.37280673
25436,0.38564113
25439,0.3510955
25442,0.40154696
25445,0.961774
25446,0.43764004
25453,0.2984197
25456,0.5400828
25458,0.3040333
25460,0.45516118
25461,0.29307592
25468,0.83120984
25470,0.37860888
25471,0.27715123
25482,0.41810313
25501,0.8087357
25504,0.71716785
25515,0.32489067
25518,0.37286934
25528,0.47233307
25533,0.43475014
25543,0.28634885
25548,0.26756364
25564,0.3379343
25572,0.69343513
25576,0.3906757
25577,0.40633252
25587,0.32338333
25591,0.359501
25596,0.28801703
25598,0.37237808
25617,0.34628698
25618,0.8400533
25620,0.30425453
25623,0.39126906
25626,0.3320296
25628,0.34282583
25633,0.58038676
25637,0.4302815
25644,0.26784393
25662,0.31478184
25663,0.3533697
25673,0.5945647
25678,0.3281745
25685,0.35103565
25691,0.31461024
25706,0.3304677
25707,0.31549206
25723,0.42481408
25725,0.4363999
25735,0.6621071
25740,0.3180597
25759,0.38190278
25761,0.80846363
25769,0.32004628
25774,0.32999483
25779,0.6892642
25781,0.39244047
25784,0.9520403
25790,0.957911
25796,0.35690904
25816,0.34362894
25847,0.29829198
25850,0.30343318
25852,0.7787663
25856,0.3768814
25866,0.43250263
25867,0.65260667
25868,0.3578689
25869,0.5352928
25877,0.7747281
25878,0.31409487
25890,0.44290578
25898,0.83994955
25899,0.31040764
25906,0.9741969
25907,0.7627573
25915,0.9460084
25932,0.7137533
25939,0.3762711
25946,0.67288554
25951,0.6566107
25959,0.43951833
25961,0.36784786
25964,0.25989044
25969,0.29311928
25980,0.33039325
25986,0.32972604
25992,0.14098425
25998,0.28494018
26000,0.31235728
26006,0.34380892
26009,0.34457415
26016,0.55113256
26023,0.9797426
26038,0.52685326
26041,0.2687034
26050,0.3336307
26051,0.9831851
26057,0.42199287
26060,0.088472985
26062,0.37728503
26067,0.9833348
26068,0.3092105
26072,0.36496314
26074,0.80637795
26075,0.35098824
26081,0.6978111
26108,0.72878486
26112,0.9844044
26113,0.2758343
26115,0.5617405
26122,0.333562
26139,0.34324577
26162,0.40398523
26165,0.36846253
26173,0.40434152
26177,0.36071184
26179,0.3672323
26184,0.11638486
26190,0.31614843
26204,0.3972606
26205,0.043465845
26212,0.8031834
26215,0.37749106
26227,0.8348349
26232,0.7007038
26237,0.48080337
26246,0.5861874
26248,0.7170957
26249,0.4539579
26260,0.3875988
26263,0.32240254
26267,0.8714335
26269,0.43906927
26271,0.7397497
26273,0.70020884
26286,0.3699234
26297,0.31601956
26309,0.43608645
26313,0.35306084
26319,0.41017383
26329,0.3416739
26330,0.71634024
26333,0.43122083
26361,0.8394642
26366,0.54073524
26376,0.97216076
26378,0.46156222
26382,0.36096138
26389,0.39931795
26391,0.3594787
26401,0.676279
26415,0.24973837
26419,0.7744073
26421,0.9773217
26422,0.36237803
26423,0.75004935
26424,0.55287826
26441,0.7761038
26442,0.39537165
26446,0.7954135
26447,0.3622904
26448,0.30439284
26451,0.41385216
26459,0.3256562
26465,0.23715943
26476,0.35239446
26481,0.33234948
26487,0.974518
26501,0.31615242
26513,0.8356718
26517,0.34438235
26527,0.8769285
26534,0.84340143
26535,0.9799043
26545,0.3460342
26550,0.2841618
26558,0.31857166
26571,0.74375874
26573,0.32771215
26575,0.43552062
26578,0.29725882
26583,0.8543361
26590,0.39121306
26593,0.78221995
26602,0.25971335
26606,0.69697493
26613,0.6778159
26615,0.27048144
26618,0.33660182
26628,0.96673733
26630,0.81028277
26635,0.3277855
26645,0.41804954
26648,0.16089903
26651,0.3206915
26660,0.22780065
26663,0.5821313
26664,0.6748104
26665,0.7848016
26673,0.6277198
26675,0.31712487
26676,0.41947263
26677,0.33903033
26679,0.5074981
26687,0.44397578
26689,0.51359737
26697,0.29239067
26737,0.7616758
26747,0.97303975
26748,0.4190827
26749,0.38093904
26754,0.9546886
26759,0.40158594
26760,0.74285865
26765,0.23742288
26769,0.29283372
26771,0.34242782
26776,0.35764658
26778,0.29587242
26780,0.43414775
26783,0.18390445
26785,0.37966448
26800,0.3954576
26804,0.23825051
26812,0.40830836
26816,0.2833448
26823,0.77887845
26834,0.34831166
26836,0.8259346
26841,0.77513397
26845,0.3875679
26849,0.37758392
26854,0.7581949
26858,0.4159272
26860,0.17440592
26866,0.30735353
26871,0.19885384
26873,0.3764495
26905,0.33415815
26907,0.3483533
26920,0.6374181
26924,0.2249399
26930,0.24038076
26942,0.63049465
26944,0.3598975
26949,0.7392867
26952,0.9627475
26956,0.3316756
26973,0.302593
26977,0.35559276
26993,0.68483484
26997,0.30157378
26999,0.580948
27021,0.41015115
27023,0.38863128
27025,0.038000327
27027,0.3925916
27032,0.66848403
27034,0.28823856
27036,0.53310764
27045,0.34920365
27050,0.22209324
27051,0.82283956
27055,0.38606262
27056,0.39661878
27060,0.327771
27061,0.75843394
27066,0.73850083
27070,0.33351606
27073,0.15661739
27077,0.8532936
27085,0.415981
27086,0.41540512
27099,0.3833292
27105,0.32060233
27109,0.39110342
27125,0.24422127
27135,0.408451
27139,0.64530367
27140,0.93208784
27141,0.42141384
27142,0.40432546
27144,0.29137856
27148,0.41549334
27154,0.48196474
27162,0.74985844
27175,0.5442114
27176,0.34404543
27178,0.70906293
27197,0.4354205
27204,0.37017617
27205,0.40050074
27206,0.21859924
27207,0.42212275
27216,0.42285612
27230,0.2798893
27234,0.27478033
27241,0.3849462
27249,0.98117286
27251,0.2321668
27252,0.79702544
27256,0.77232385
27257,0.5811299
27263,0.32843444
27268,0.38750732
27269,0.39087358
27276,0.40907714
27279,0.70475423
27288,0.77443594
27295,0.22803684
27299,0.20658839
27302,0.36928385
27304,0.36636296
27316,0.5964128
27318,0.27668175
27330,0.3746989
27333,0.626737
27335,0.28638119
27339,0.31426662
27341,0.57376206
27342,0.3303497
27345,0.45142925
27347,0.47628233
27354,0.543513
27361,0.2087876
27375,0.6725641
27387,0.6034045
27390,0.5858853
27392,0.8633525
27399,0.2906099
27403,0.3482459
27410,0.5723219
27423,0.2832855
27429,0.25487944
27432,0.45412403
27436,0.33891466
27437,0.7042566
27441,0.6893804
27444,0.61889637
27445,0.2891788
27448,0.65999645
27454,0.37581712
27459,0.3044088
27465,0.33877987
27478,0.9666902
27479,0.3110447
27481,0.6083308
27483,0.67100054
27486,0.26683077
27498,0.41959143
27505,0.3554716
27507,0.3287657
27509,0.26488942
27514,0.28049758
27527,0.79518
27535,0.24195614
27544,0.3132126
27545,0.36016428
27556,0.3241934
27563,0.36160454
27569,0.2992686
27585,0.6847145
27589,0.30354187
27605,0.39960834
27608,0.77756953
27609,0.36067346
27611,0.25566673
27621,0.5136308
27626,0.74215835
27629,0.27626652
27645,0.79911584
27651,0.27525958
27654,0.36924064
27656,0.7691721
27663,0.76611567
27673,0.21760114
27677,0.27693883
27678,0.3027431
27680,0.2982627
27681,0.3481903
27684,0.3507127
27688,0.2938327
27706,0.32613954
27709,0.39148334
27720,0.32915106
27722,0.35391918
27733,0.65193367
27734,0.70561826
27739,0.34468734
27746,0.42448607
27751,0.8334346
27755,0.35187304
27777,0.60946286
27783,0.27318978
27795,0.36866164
27805,0.42424253
27811,0.34461567
27815,0.31841725
27823,0.34630534
27856,0.33819044
27873,0.48276752
27883,0.32590604
27885,0.7792213
27887,0.8690611
27899,0.46273902
27921,0.3915435
27924,0.4105447
27927,0.37796012
27929,0.37566096
27932,0.37378296
27943,0.4757312
27945,0.47621623
27952,0.39482808
27957,0.83053315
27960,0.49917987
27966,0.39884222
27968,0.84383935
27980,0.80098706
27984,0.28851357
27994,0.45688388
27995,0.3655463
28002,0.80962807
28004,0.67068934
28006,0.2885939
28028,0.68918943
28042,0.813457
28043,0.3169614
28055,0.693678
28061,0.30365634
28063,0.6742249
28077,0.43225044
28090,0.775619
28093,0.35994422
28095,0.3521596
28096,0.6945304
28098,0.84380203
28099,0.30974507
28111,0.29537168
28115,0.37131804
28123,0.31447992
28125,0.470003
28126,0.75024366
28129,0.7318894
28131,0.30821386
28139,0.40788865
28146,0.3258938
28153,0.906858
28155,0.43687883
28160,0.72896075
28166,0.38971058
28167,0.7838714
28176,0.73300266
28185,0.3440495
28187,0.7634761
28195,0.80345404
28203,0.14376368
28206,0.40678027
28209,0.33562183
28210,0.29721433
28211,0.34115154
28216,0.4035667
28234,0.41898745
28235,0.81630087
28248,0.3383942
28255,0.33464614
28266,0.36462006
28277,0.35256976
28286,0.330184
28288,0.3791551
28289,0.6154304
28290,0.3317948
28296,0.3690203
28300,0.77427787
28306,0.30245215
28307,0.35289606
28309,0.32791787
28327,0.3761087
28336,0.35773852
28345,0.38964805
28355,0.3373546
28361,0.28484318
28362,0.31824243
28374,0.34984705
28380,0.7901193
28381,0.30350327
28393,0.22526263
28394,0.3053917
28405,0.33692437
28413,0.36321315
28426,0.7952105
28428,0.8682509
28429,0.7974323
28442,0.38418955
28445,0.24554998
28457,0.98340917
28459,0.7402417
28462,0.39245552
28478,0.17209564
28490,0.37944037
28492,0.32304436
28499,0.16259581
28500,0.33560988
28506,0.78698426
28509,0.37303838
28513,0.38250756
28516,0.35133648
28519,0.97767115
28526,0.28179687
28527,0.23804677
28528,0.77178526
28533,0.41441813
28547,0.33825225
28551,0.3967709
28563,0.46343648
28566,0.39300826
28568,0.39863983
28580,0.34310678
28589,0.3792598
28590,0.77712774
28606,0.47311643
28613,0.3697289
28615,0.2737124
28619,0.32361642
28629,0.656894
28633,0.34412226
28635,0.73382956
28646,0.33630803
28648,0.67479116
28651,0.28382692
28660,0.7328352
28681,0.37724203
28693,0.5865674
28696,0.39173067
28703,0.41873723
28709,0.42265671
28712,0.76656735
28718,0.3249087
28719,0.6407918
28727,0.2869982
28730,0.7914137
28732,0.7421174
28740,0.3629156
28747,0.37724203
28752,0.6807864
28757,0.39337605
28764,0.43904638
28765,0.82187873
28770,0.6777123
28772,0.77134466
28783,0.3988641
28786,0.3099425
28796,0.37069714
28799,0.84269124
28806,0.6783142
28807,0.34489644
28815,0.42122748
28818,0.3388389
28823,0.44457272
28824,0.42741007
28831,0.905006
28834,0.45401007
28841,0.34838733
28848,0.71634865
28882,0.54202396
28884,0.37887824
28904,0.3573838
28907,0.2750403
28919,0.3106508
28920,0.6450807
28928,0.25679755
28935,0.05948841
28936,0.32344908
28945,0.35822758
28950,0.7542554
28957,0.61935467
28963,0.17668594
28974,0.3540677
28980,0.43959653
28988,0.5270083
28999,0.30988902
29001,0.5583045
29004,0.24452288
29006,0.40157354
29012,0.4230932
29018,0.4637709
29027,0.30268657
29030,0.2656662
29032,0.24026959
29039,0.3243858
29043,0.3294376
29056,0.75930226
29064,0.7708476
29068,0.30171093
29069,0.259636
29074,0.19023381
29076,0.29690474
29085,0.3748165
29088,0.7421255
29091,0.31389415
29092,0.6424939
29093,0.30961186
29094,0.47652268
29108,0.7023
29114,0.298284
29115,0.25750077
29118,0.216575
29125,0.32688525
29127,0.75409335
29150,0.20221297
29152,0.1016409
29155,0.70755184
29165,0.27460194
29167,0.2691078
29174,0.34759015
29180,0.41438887
29185,0.33810198
29190,0.3219911
29192,0.9781892
29194,0.3275362
29220,0.38578254
29231,0.6143471
29237,0.62134033
29240,0.50315166
29247,0.4184438
29256,0.399514
29275,0.35007343
29278,0.4199179
29280,0.78725916
29286,0.4387574
29288,0.6937029
29305,0.7292304
29327,0.30708313
29329,0.879793
29333,0.40523213
29335,0.40364015
29342,0.9843582
29344,0.40432495
29353,0.35093617
29358,0.40847
29373,0.2501824
29392,0.32250482
29393,0.6670109
29395,0.9500604
29403,0.76250124
29405,0.6529386
29410,0.4025703
29423,0.35730878
29427,0.7582316
29429,0.2860352
29432,0.30885395
29440,0.6762335
29447,0.30103508
29448,0.24586831
29452,0.5519882
29455,0.31938502
29461,0.24050514
29466,0.3851885
29474,0.28235674
29476,0.29343638
29486,0.6036504
29494,0.33828238
29497,0.6270826
29505,0.327191
29511,0.7683575
29516,0.72100204
29522,0.3803906
29523,0.2872403
29524,0.22233985
29529,0.20863327
29533,0.3293954
29535,0.30143318
29548,0.28003904
29551,0.31913847
29563,0.2787365
29574,0.4189976
29575,0.3094484
29592,0.331024
29599,0.60663
29608,0.31011805
29613,0.46662292
29620,0.35892433
29630,0.7542056
29637,0.34292775
29638,0.42855948
29643,0.33280167
29648,0.33050743
29657,0.3157387
29659,0.3440976
29662,0.33032605
29665,0.3261767
29699,0.72518754
29706,0.5711682
29715,0.53543186
29716,0.41411132
29717,0.3714597
29721,0.53011465
29731,0.40948835
29735,0.23216921
29739,0.4522442
29742,0.5447379
29747,0.98149186
29749,0.6560656
29754,0.97100025
29773,0.3705926
29777,0.5928133
29779,0.2961328
29783,0.30177766
29786,0.36353624
29805,0.6607254
29811,0.41740084
29812,0.4922126
29815,0.47135666
29819,0.28568575
29833,0.2754277
29847,0.4088222
29854,0.6647487
29856,0.27670893
29859,0.29872537
29864,0.41535822
29865,0.42903775
29867,0.29490063
29885,0.4588388
29894,0.382791
29900,0.37073225
29910,0.62412506
29928,0.34819835
29942,0.24140558
29951,0.4791752
29953,0.47809157
29962,0.1870273
29968,0.26196668
29974,0.8355622
29980,0.5668209
29987,0.19210704
29993,0.67840785
30001,0.7660891
30005,0.48315462
30015,0.33919373
30034,0.21055461
30041,0.35010886
30044,0.33119857
30058,0.22021271
30061,0.27875876
30064,0.32282445
30065,0.42261395
30069,0.27850443
30074,0.43107858
30076,0.2546566
30080,0.21784313
30086,0.8049462
30087,0.28954425
30092,0.29022592
30093,0.64798975
30096,0.32928157
30097,0.63796914
30098,0.27502245
30102,0.5646686
30106,0.35439628
30110,0.6145914
30111,0.9618238
30122,0.3321689
30128,0.2802189
30130,0.6788521
30131,0.2739946
30132,0.37986338
30135,0.3631096
30137,0.73430115
30157,0.64716333
30158,0.7500896
30162,0.311203
30170,0.738295
30174,0.30936867
30195,0.65934044
30196,0.38124207
30204,0.38254458
30207,0.8049484
30209,0.6828965
30212,0.3485469
30221,0.33183765
30225,0.6265133
30229,0.35454625
30231,0.3347698
30233,0.33831647
30237,0.5426165
30239,0.5252762
30242,0.5914175
30244,0.30547166
30249,0.38862696
30262,0.32729113
30286,0.34198278
30292,0.37257943
30303,0.30344048
30320,0.23051848
30322,0.33308852
30355,0.37607086
30356,0.35812157
30372,0.475489
30375,0.37464365
30379,0.43404233
30384,0.34199065
30386,0.30793878
30394,0.4389134
30395,0.27975735
30396,0.40421322
30397,0.30637258
30402,0.4014945
30413,0.23677006
30416,0.42147875
30420,0.32018358
30422,0.69086164
30432,0.27698308
30434,0.46157688
30438,0.37154454
30444,0.10847875
30446,0.4813652
30455,0.31525508
30457,0.3672936
30459,0.3957852
30463,0.44011214
30468,0.45358434
30477,0.27064148
30478,0.40966004
30481,0.3793469
30482,0.3064011
30487,0.4524751
30491,0.37930846
30496,0.7418542
30501,0.31672886
30506,0.30202264
30511,0.33600363
30513,0.4214235
30516,0.34234044
30520,0.37580916
30531,0.38124797
30542,0.79226595
30555,0.41047144
30557,0.415945
30568,0.4252815
30570,0.9752828
30584,0.37761885
30594,0.67232895
30614,0.3386469
30617,0.30983487
30618,0.7767885
30631,0.34459063
30632,0.27719504
30634,0.63915884
30636,0.29130608
30637,0.28854406
30639,0.29739806
30647,0.36857617
30649,0.26951885
30656,0.32247126
30660,0.28296116
30665,0.31040594
30669,0.38503605
30681,0.39767674
30683,0.76833946
30687,0.8331981
30694,0.5204297
